order_id,total_minutes
3a226ea48debc0a7ae9950d5540f2f34,60.782574
9bf29b56619fcaf60b52690a848e10bb,77.22626
299d948a5fd2cf2a921894b9bd24b94e,105.515114
150bd9290b2125e67541098173e2cfb1,102.28924
844f746ff505c01c088de90bce067b94,44.34477
ab03534322f8abd3140872272570870e,97.56481
068d9a11dab2ffeac029fdc36451dd68,127.359406
83b182c918e77d2ffef47d4566474725,71.16368
89cc5e0456aeacb7431fc9b783a8584a,78.69442
7c6583b14685bd56265d6274545405a9,178.36761
229d47205afee08ea5ecde7304d60afc,74.73542
af24bc3ac3c3dd948a82bef0348f759f,57.319107
409275a4f6b35e20bfbab66f3037ca2e,94.82109
574a57d8986e3397c9b13906acd59fcb,57.220436
c5e0d58824d77bc13c33118db1a6110b,89.92697
906f3ab5615f1758face4454f70031b9,88.267166
4f5d7e16404296d3d8cccff5f908fbd5,94.82257
0eed4822a08aaacb61d1e18de3572be4,68.70382
a0b1f7098b5d73a684d4b8b0302c3427,85.299164
4635b91f7ef36855b002920a4b239e0c,52.227673
73211742923c0796fc1ec8b182a5196b,64.855316
6cf9a080f5f1b825b0235b616f41fb1e,68.61186
f26e8088685904e0bcf387320b6b4b5d,96.38516
2e0d7b896b8ae8acf9b6f49f9e20631b,50.718884
b2bd24a8089f10b72be1cd2dceb53a99,84.80015
ed25d228b65dc7d3f1b6d1cd12647d10,69.15672
0cd3abbaf349907a3514cb98bc1cc80a,66.64482
338996aa5ed976b0d1d7e8c2038c5e35,94.65283
d8687aef151502bb9553a5f60d0d8e02,60.71654
717656753d51416d2e4d6e5ee37775cd,71.62446
d84ced4e455cfd965842ee11377a0013,92.62164
ef85b7725991d40aa78edff360398d37,82.60203
cdf9fec582c965d2977c41b8d04d4381,94.94159
cca189eb2b1d3207acf7e4e8543b3144,62.082016
613aa2b12a93506f8e9c657be0cfc8b4,89.83709
b336a35e5b1b78a8b65269a6efb32a73,94.07659
89641d2e83aa222d89c952309d3e8139,60.3452
ae17205f0782b933ef83dbdb8820acd7,69.40295
9cd708ac73cb4c79bd0711d4b2217f4b,48.84002
fa7000c783f247818db475e9b80e0c29,74.79322
262ed8e0141b72e86a544d015b107659,112.56813
4bf8df61ef4129f5778f1ad88246041e,75.038376
19939d2a8a256b979e2f55b6fd1eab1e,75.12882
7d4c2d9571ca1b4bf957795a92fd3b98,53.016014
ebb07d135344c9a5042af04fceaf8bb1,93.8105
9993a08a0644a3c37797b437fe116957,84.63003
03ba7a78b5b5a5e8d1ab70e0c547f036,73.98164
5f481c3689a79a800a724d5229d3c81e,129.70697
efc9c37e922fd9bd81a793866123c83e,103.69379
63cfd795a9f1b18bb775b179b0f58a69,86.95763
2104d3b785dce88c5a7175d9c1528bb3,65.19625
c3be4ad802d368b11e406cbe3ea4ac1b,70.321655
798ab24691d9e866ae1b6551d0fb41f6,73.25199
3484bd0097c1d29a24e5498e3fec2bd9,81.00639
2773dff03f9f609538790fd43ce0809d,65.76965
451bfdb5981e5efad36106c9f247719e,90.817566
8af5ceb846b549924c66456dd75c44a2,124.07854
e46720d1d6df240ca150d9d65757dd52,109.987045
c3abc1d07941d5eb7135afa1ae9f79b6,61.75931
afafe680f3e0eb812cc9b26fc28302aa,72.56544
c2d678db83e27ea8efc6c70fd96d27df,54.638237
24ee2be6e9a8a8c9b641348e90f0a4c4,90.98106
244c608f2a3c4393d3c96f9e4ecbd962,67.26561
250a9834a5d8d2343853e6e06d6364f4,90.62992
914bef6a956517261ecfcf1ca7514386,93.262054
a158ead39d2ab957820298619fa853f8,91.97666
b13c87e52222ac3e4d4174d20479dab6,89.2412
e15d25699c74b2e86e50da6cfc9a31f3,52.87631
52ff1c7e796ae034a6337f602c953a06,127.295654
a4dd90c0bc9fe12f216fba4a1709c958,68.104485
3d541849368770b0c6778ea850d87b87,58.10474
1bac97c96a48901734dd39be97afe095,88.00127
98c5736fefd9aa73e028f71cd51d606e,153.81499
9eb3166dbec14483d88f47aedc64b3c1,98.688
3a72dbddcffbe014fda9f3d5a39969d2,58.04615
594081e879d19bae2b9d2332b63708d9,44.507217
55675dd0f8342c8892bd50b57fd5a898,47.569374
b768399a842d0c39a0551848130f05b1,95.92411
93173eeec48c17080ebbd744f1a55ebc,80.70375
625aa7046be12b908f31be454ad6713b,81.95992
7bab6e0b75c2809baf29844666674650,63.772697
984ee4b6a0cbae164ed256cb3a442319,89.05087
3af11e19fdf2bee4fff3157b58b7948c,59.141926
3bc8dd6d1a38159178a2e0c7ea7eaf08,74.582054
1e9018cbdc1519a659ddc4a2dabb2266,51.458908
906c1adf3e6acdf703fc9a8cb7a54843,104.80775
f59f1ae0d89814bd0f94c4080678b7cb,64.58518
24961ea1fb3e08cbacc2d306014bf879,76.7666
71ba3b4fd7f146bd02b2b85e9cea8b59,69.84207
1cb6cb9da551c547cc23e5386765b671,95.84601
8f54e6d34c1b0ab334eb9b6b433c8f8f,94.58076
3463974af2e4eae661884bf57ce00a27,82.99133
e37b7088562bde95c59c5fc9bf751548,60.82859
5bddd7f2f9e78e6bfaa26714c241ba9e,113.75254
4f88079d807ce788baa49083c551c148,67.88244
bc9909874db80c80591f88743a76587d,90.0882
5a6f44e8337dba56122b4b779e838001,48.303234
fea8fe44d1f2a8371735f42a30dac844,60.776466
15a4b54c173a1eeb7cfe93e7907fab00,56.606422
fb939372e56e0e8d2c7ff3b6ba4a906f,106.78451
40914a6ebd5831a07cd257e8b33ba627,75.99211
8544918671ba8bfd8917dc60c762660c,108.18637
7be04921e8593833ac885640e7b4997d,54.81025
190e66ef02f1c143284948c80948de87,102.18632
5c66619d457d68cae6d6e0cd88f0d6c2,66.38498
91ffc5186d5f1b6e54ae5472367b9354,91.64013
84955db0971fc30663225a57b10603ef,46.126293
a15629011507a43f5f20086ffc894611,51.670128
9abb10378e5ebadf6c75ce666d20b779,110.70971
fe4423a54cef31e2505206046c396d60,54.677094
7eeadad472d63628b92bd3938415a63b,73.95563
4ce18cd7222ba8bd914bf0d0d67ee6ab,70.27969
fa8afa32cfa05857376b40fa47b16e8b,69.86466
4eb2d6b3d733370d3f13d6e9a6d69095,95.43395
d7453b22249c1da624c1515515579825,66.4658
1355262f8a150d486699a102145dd042,146.14027
4f06bdf731bd9a0a246731ef9cd7c3a6,52.84639
96e2ee6d71490b0f7da987d3b9d5b0c2,83.95198
4446bfffaa5134425ed77261855dff0f,74.3778
957a90a7e95ab4e493d4e4c359d3753d,152.65216
775e1bd2b8d7a4f3d695002061e31946,62.896904
02ac03b5c8113d69b62568606cfef85f,53.005196
d9372c8ecab99741d4d54f20518eae97,113.20269
f629881954df817b768c981ad52c56ce,120.08255
4f1a0729d5ee1c807f92e6e1fad56e84,80.927826
418d90f16a99cfafd5d6cd43544d4469,75.92421
586acf1b5a58bcd4d53c8e76eefd320c,60.898937
bac3023b1190c00dc020c558952bf348,95.33558
4d322b65c5ff3c0ab5a68661fe499c33,79.14582
3892a406828aab728e905624817cb2ca,76.7137
b796d357db4d48aba8d2ea205d708eaa,82.680954
5e85db47f54363bb4b1e31ace959090c,93.40965
9ae624c5b8fc7060e5508052fb534f06,48.385983
ced855903ee00eefd2486ccdac37b2cb,59.03526
6bc67fb1d8cc2cff2b965833bfe908a8,71.21871
1ec67b32c72731d5fa25aab0daac4040,132.69356
6673f5485097f44afee7a6cf2e08627f,48.125492
249c4bac52d75e2e4b6ba702665eb48e,52.79618
8b463fb2a4196b8230ae427eb1e7bb76,89.5644
598abe5f7d20c908889eefba236ae64d,102.64843
5db6bc83085ecaafd908be8594f92a49,88.5516
fdfe09d72fdd40b44c25077e40de1042,93.122314
884779c2d50c4e0cbed3e85fc36010ad,65.542046
8a29bdd617be9f72851b8a137f713ba5,97.974625
a6614ad6022be29d556f1e42ba46a4e4,70.794815
b83227f3d982c9c06e71ab0ef2f900d4,74.20073
50b08b192984825b1db62dc9a1c82d32,83.35998
0cbb33c0b8bc5ef25779128ff0d9b8a1,73.07178
f995f898c14cf8d9947f42acff465f31,74.20615
b8633cb2a8e4f59eaed768939b50f5b7,62.54772
6204bac28a09b12bc5433bc86999fb4d,50.935814
31e5be75855997b43a902881664415c9,115.583435
712fe9ae31ab5ad376fb6db3c9928527,55.074802
ef769fe1c3c3a0a53750f79699ae30ac,52.87631
7ea954a2090b43d04c23ce1fc880366d,119.488594
47b2c40494f097dc59370c7702bf5f37,48.02106
9c75af4a188ef7fa7a7b1694e9308280,82.04458
c96829b3e2ecde967661d91538428eb2,47.49373
6fb9d7944ed89b2cdb942e82a3146d11,64.60785
d6d0d4217e6f1beba9f62e7854fc6633,48.125492
7cf4bf74d38a187ca173caf13289d762,54.52621
1dfa2059e0145e254f008c39dd667661,69.94914
483aeb4b4264aa0143b400029e75a36f,63.055992
dc2291b1e34a4b00bfff7e6dcc3dc41a,87.94015
4a000a4571294a77e7da1c92b4efa573,139.50897
9cc2738807da9d3b78797542d40d1ecd,111.430664
979581752e8c6a55adb71a112e0d59f3,45.14312
21c3ca0cd8e7f0e2c3f913fa02cb37a6,70.537544
d59d8f884b689a8ba6357a60929f5982,76.1712
15c68b7847d31abd7eec6248766912f5,100.30927
5da1bd3eacd43a8552010b0195eb76a8,68.245415
2e34e2746cae9229ca70acf1c60ca269,91.97666
30c0de87eae88a94cc9db9bd69c67bc1,114.7553
f67e4c71cf46ef411d244e86943ecae1,105.16079
c024209d06b4ac76805427d228446c19,84.63003
a2cd35567e84bacb9466c5967dcd0a0b,87.87124
c4c295d9d2630b19c6af94efa2fa3ba6,70.377594
464b8c0c52078b820f4d128a1b31aae0,80.75862
49de7e6972e8b9cbf2bea6bd94cc5f02,109.54604
80e81dd9b9d24cb517ab8cc52fa73d71,59.779926
6b595dc70382d1214c5640d90dd83605,67.06948
0bece5648c9d3c38295ac66833f6c414,61.732876
4daeb7ee39379225826216f0b0a765c7,95.25278
105844ebc83d16637743b4b36e4c8a5c,54.91731
948ea569c35df426fb65d41e0c368905,97.56481
99ff66396b2736a42a7744075ec7fa1c,94.00132
9fcd229546524c48c5c3f4d52c1eb2ba,127.133514
6aa06008b26ea28a02b0c1f38a203605,56.189133
d78fca4a0e17ba1f1ec82d798713d1d9,104.33306
3c6e2fb359834182c626bd999220cb61,76.74152
0a014f3ffa456b55eecbbcd23dd0e059,92.5853
dd1c0cdcf9a72c694441b006314fa560,77.380516
67217ef6bc93f4f7c9045990298b58fb,136.21756
965a787a49c195a32baf62dbf3a7e16c,79.67374
3f75df7effff43874e225ce8779f68a2,92.21358
b4a06cc94a27856c5093faabcbdce390,58.065224
01b1c652ad8df4d7f81d5f18bc096929,76.0644
cb3edcf9785800f01cec7d33264f76d3,71.37962
b98fb2078219d94eeea8b0955e4b881e,63.924736
b4147839b390f74307c12425a24564b9,63.628334
f6d53ad782a16d519c4bec3f0e63589b,77.625824
62bd3ab74e8106345c96926f917e15bf,130.37666
e307748fe353c4cb1f867c8d0c093a62,78.08194
eda14b2627f01b855ec289220d6b0064,76.40725
6929567adf0f376a9551f92a428caae9,52.87464
caa3985ac00cbc579b047b9a8acb81f7,114.85817
a7487124d0fbfc28b1d2199a138a9d4b,89.60872
5d1fafec745a09c974236b913823ab0b,90.20636
5e10ae929d6f6b8d6e29b1f96b72e032,64.45967
03721e394d734fc03bb3a7e4a325559d,64.883934
06b72ea1d09d35cf9a6b6288d2c2b0b1,66.637276
beaccc1eeb55cda6f645127b45b6de29,67.47924
55a385fcb11951d397dbfb2a73a720d5,100.3947
520adbcad4763855e57c99e8f4ab41e4,104.655
bb6ce4d0a8f06b109fef7246550bad50,75.19926
e63690e43c9d37879bb0c2ff9955572e,93.70485
7ebab6283d87c169291afd709bd9b4d7,118.04219
68ca84cbce12e85b3efacc7248ef8123,67.8825
0e44c162779665341b35f5457d1811d0,77.08017
4505026659255a5f34d9aa080af45394,80.31819
5c194bc0ccd17c253c5a8161fb416986,78.40258
6a517c0b810becf4b3f0aee8e068a785,75.341125
a34538607089bc9a38d570d6892ab872,58.83546
f8024f0a48d0858275b66efbca583a78,83.944626
9d166fb602da06d79bc5ac29c9457762,72.38306
07314839d9abc923a3e22b1f5cc36a8c,89.06796
8fec2ca3170aa97292f28adc9c03d8ef,80.086655
52a7c2f6a5802f7d86a4e24810e3482e,62.842094
269c5987736052004c51bbaf4bdf045c,81.7168
4f9daeedee3310ec84b07a835126570b,125.41634
e8dba6b5f0e0a224219ae3b72941413a,73.80113
6ed112486894a5c2a0741d1dc9485e58,90.38618
9fc2e31a69654796ae063fa3430aa261,60.442455
edd9d561ac322e012972d1f3f76deef6,143.71048
bc5d2e5ea3aad85149bc44456b3e16a1,66.564445
2ff1763e406b2355b0ee856757018747,95.23375
7b86d7e87dad1bc01eaebc2a58130dfd,78.27806
06ecf2c686b9dc37314f65249cacd3b0,160.59485
4284994653bfbd6d1d161cd68313d843,135.1683
2e84f55cbf79508b6910753179c5d7a5,95.12746
e7b00f92078d53081e5765d7ea421e90,79.363205
09532b000c7867e38f02169eb9c6584b,83.343414
7e3979ae9582eb118930334ffb2081da,75.68855
76214e3e46a738a580bc7750d67d121b,81.80434
0976e034ddea8f553ea6b5959d81fea8,252.24333
851d433b2655f54aed48420a41c13879,69.90348
8cbd057ae1c0296d5a4b913a0effda92,57.39058
e181ef7d0905eca904e27d1e083bb464,103.519325
b6163e4047fb43c759e85e81bfc50a48,65.85826
855e5404535b6809cc157654fc742ee2,78.791565
86cc5e2df741ed674fe0eb89ad795398,75.08403
423ce3a97d3aea11bc346b7361b4ca07,59.069008
2f92d27998a53386c92c7f856241274a,91.64013
8382e6baa4e1f026d1e7d9489ae59e2d,76.94544
381ec732e3309aa7c9e5b1a57bcc4e53,60.133324
bd12ce00a65443ddeaed083f7c8479a2,97.01608
71a52306c9e71e4e417e2a3a944ddf97,80.31854
ce45fc0788fe5a88915930bb30698cb8,129.41096
b415988006129fb913b030959d61aaa7,50.935814
90eabdcc15b3234812f7d4d487241ad1,55.941353
78ded4255afe70b897e4d3ecb9c0848f,51.12697
2df8c47dc70d7121f5f6913cc4f07771,91.47135
9e05b047a9c4c167ee0f201cc67a7fda,110.6954
b0b4a6dfa1b7544ea75c1eb175d1e4d8,45.389908
909e99e3c97d2b6f47e9225a22f3f9ff,95.08988
c53746a673fd9f1a005d652ebb2245a1,75.14742
ff5eb3121269e9350c9e1de083e5b3db,76.24886
c3ec338c26c978ca865142d999a9d062,55.62848
be3fc28c1b22f88360b2720045a61466,69.90645
2a505e5150ca97f48cd4db3a61e4fe99,63.70075
7e75b4de15d6768ac1b5df903208dbbf,46.970814
2e2a7aa53fa75dcc157c92032cee1681,116.41122
34808c0a0ce290d13e30900babb30cc0,79.234344
e291cb3d746e5d34b1a08047a9d11844,81.00639
1b2bd68f9dbb2cb2aa55eb2b7f5f189b,67.59285
eac76f5f6ff621d8e21b01b69a4e0813,82.10745
7c05d6be9347c346176908980f48954a,49.985256
d75f67fee995c72f0110d5c88d9eae76,94.91937
7e572125c64af74b73adc2fdfd819432,142.21176
0b8fb527a00568db2036adaad2d8dbf1,60.69975
49ed1b196c43a24b5232e04bc9057f7b,92.69762
9a0bc800ae968772dc2237c0e12a09a3,71.50123
7cd49b5a651ca46f3ee3f04824c23898,83.68557
bf3c2b18c9d6817f2efef84f78897c47,110.28396
55aaa2b77416bf7c1c4356fc069e43e7,88.568886
db4c2c16d09dda9338883b2cb2e76433,84.73067
76c95100f03b2f2780b1c8fcda3299b8,63.280014
4f0c2267c02a9518149a820df1d13f8a,107.32831
c0ba9ce00850771b267c64538b22f257,85.08221
ab63c18a15d83474571964f133f46f5b,112.437775
3f333f8a52030759dcfed5aee15855da,144.75511
b25f940b1ced4821afc14a1886b661cf,58.406258
de6dda69986ac1d23f61ff73536be5d5,62.18741
82df0b5033d3641e47f880f376537de9,105.116554
acf527d09e2d402489ad535fc7924021,46.068966
011e4d649c1ef9adc6f8c27cf0f7cf97,89.095634
5d10492995ebd5ba3a9da0d8766beef1,89.1609
84fc19db13a6d5c7316f5520fde607cf,83.44303
22dd0bf4975f5d9584e0f08a348d6f1f,57.084793
f256f2cbe373d5b9764ed170351facdd,45.64413
83fbdfea95c4c8cf3d6722cadab706c3,63.812733
8074e7caaf0fa55150d06619f5b0f347,107.3397
55aaa4723e62d4b20bbc13afbdb2ac49,67.29989
da65df019e44cb76324dda83d3cbdb9d,78.45252
8cf9a1d88cd082a7115e8e4ab3ceb2a5,85.98371
1c507984cb17ae0c53d869b877c206c7,101.65344
123bb583303cacd65ae42cd85bdf7694,77.574165
acd0daf48ceb528162573b1b17745831,91.74346
af00186ac80c112d3277184c943028c6,114.00751
b7fcad791ec93cbd9eb1296ed0a5103f,55.520863
252724d149134d71b77b605ec23a26ff,139.87291
ceec68201cc65967da79f310eba47267,118.90199
41b5f64fe30bfaf313dc927bd8129060,43.395615
aaa0460dfddc6300ca316274d85822d3,49.554626
0279615a2690d1676fe4ab2478d8c8c7,117.78219
a65c84452650a7ff5c06cf6edd689be2,86.53104
97ca1f414d8c5eedac2f547afa8d69b8,77.51661
2765bd0a47f54f4abf5312ac598f707f,111.45832
8f3a22dd7460e526f9b66968c03ecb7d,64.66624
9e546fe591f61298502d5494f5d4b75f,86.80901
f8bc6055afcf4f6274793c2a83b6c592,89.385475
2a8f8f79f02f3bc7f05842165acc4920,66.426994
ed077f866a4bebe9b156b18fa0b4b1e1,73.04796
9e06c4d93702eeb46ce5ab927eeae703,67.78819
b1739039197ccd9f11967b85e6296df0,76.927185
8bb0e067cf5302c62ded647d4aef6e5c,49.604687
0ecc872565cafdd81843c4c19749d21d,68.94347
9643f71b3067a01dc7f3845719535482,58.352596
552934aa03c478e9f7a4930cf49415e2,71.93967
110b513b5eaa66517241c3495abcbf91,85.25107
b753422eabee57424b68777a1cc58b78,48.385983
723116be006c80c3d9e3a1ed7688ec26,92.37146
f70b2bd06faad02cdd62f7d79d8c4050,62.325558
6804659981ec02ed6fca4347059dbdff,82.8336
2991107c91982e0ef04479de0930d55b,63.78232
0e7818789c7bf9f768a8f0ae8469d79b,119.01472
fda65754389c78fb1a6312401fe7c70f,135.81429
789ea55331bc8307b40a4579129de8ff,94.70813
fcc913edac1da9685a4cb23ee34c7ebe,128.60266
a8bf043020de95659205fc2d5c639941,80.44435
19a00ceace5900c0183f950a141647ff,103.28296
8503d99abc74a98137214c9f3fbc18f9,59.371147
d11e1306c990281ffa2bfb6fb2695c58,101.482254
14e47402d45d4d46a13301f4a6547782,72.553986
fcefec55026742e460c6c8ab96cc48a4,67.431656
7ed7fc0b8e777a0c491b0095c43b7b71,75.425896
6eec5ff46ff13c15bb93302ce7384f0f,83.34359
b3c50965d959eb9f14dad9787d3aa499,71.3669
8c282293f8747573e5e873c4acbf3cc7,97.63154
dc5f6519dd4c1b54cd90f2e07132f46d,47.65305
df39d0fcbb4185d5bf8514715a1610c4,66.11857
28bbb5a282b8cd339c0fcb9b94013db5,61.086525
4bb434387ffb6007189cc9f0ce0ec025,75.347115
b32463dc876ba980ef96b868d345c1d2,83.37428
bb320133ea9070f34c16f397f4660385,88.082596
976f8632d443a3165640d8c1bb9f29bf,80.61296
ec00c1ff3a9b31a21f4180b1ba1f392e,87.02772
205a8f37fdfda7faa71a37ad599f77eb,103.519325
0719dc4292dd658c986091849fb37db0,98.30154
1907128de4e91ec124baef6ba1cccd77,106.43816
c244640e610a80b2c7fc9e4729089212,90.04141
776136611aa2ffe63d476be7c12075f7,75.46132
eeaf9fd9ae12c366fa14b78538fa9a1c,73.66772
7cd7ffc9d571491fd404a5961c1c5677,103.104576
8ce6424cc868ebddd11b67b5e18e7a23,136.21756
f75a91982a7929970e73d20d58b5da51,83.03917
e213b0017dc7af2c99732cda9e66cdfd,67.47857
4468bf7799979cfc866a0478febba6e1,95.62279
46587907f209513aa5e6b5a2ad6b6925,102.821045
8b1f0ad66302ec45db62eaad9e3f52b1,62.78549
d2376f92dacbb734c2dde9dfbb3116fc,97.413414
8a4f8e362801ad18ed00b876e7bd1d82,122.52297
68a83ca86a9364bbddf720e61b1ff27b,49.84693
65fecf8e8a0055a52ef79151cc2b374a,109.57759
6aedf834283a11881267ad43ddc642f7,66.59947
932dc2aa2c0f913fe7af4953e56f0d28,53.734215
404a869f1cbc13639aee418acfd8f5b5,103.7642
d47628ba994a0269230ae37ad3c738e1,55.515755
2cdd723993ef42bd9052be54ee53656d,92.17075
3a1363725830e97a23a045fac3f859b1,69.59249
09a875bb2084da043542d05723a427ca,76.40725
51bd93bf6719fdd90765a741bb640ef2,86.32558
42ee7c36256c9a8d5bb7414e6c72ead6,36.085747
e51ef6e13a711a15f5455e0a0dea84f3,76.93916
d2ea3bb9beb833c84acef462177f71b2,69.28228
8e7b1844c4b37033b841130dca124229,71.86262
d72c89030728bb07a4274589277de04b,114.269455
85e6f2572a12b4c5597fe9d4bcc0b85d,54.823227
f89001880234ed359bb3b28f1279b3f4,68.0528
c7a9623437ffa8c56fa6b70eaa02ec77,84.63003
ef7be95050771b8b98a808ff3cc150f9,68.97661
31c5f795448ca4e23fd689cd0f7d1fae,53.59247
b77b5b5f61197f9648740ba1847bc09e,126.993034
8c26d23822a909634dca870ee857e049,88.23055
369ce2f816d6ec934aa0b0de34a7d20f,79.435036
9e795a48f28523b87c8cfeef3c1bb510,81.35866
36206cff7bfe920f156419151c18f766,114.59794
b87577d79235d907951b297c4a916298,69.17435
1b210589393b45b88f6c2b4f6bde47f9,95.96032
4e6012e6f01ff281686947a11a6219bd,124.17846
f11047eb32256ee3c1de68d6e2fc75c7,84.529526
ca954aa8bceaae742a8a772ca342f508,97.625435
f4b7a5bbd3582dc0fe1d85188e792860,62.67317
8def60610de90bcfa38dacfdd1f20a91,92.65384
8d8898222816db851bd251a4cce5b9e8,78.620964
3763bd896e7124bd10d5758486d1d1e9,76.927185
4214b0e2b7982443a612100a4af3631f,83.632675
1beadf4180c7d89d771627cf56c2cd81,60.376526
237051b3dffb8f7e00080162a5d1b311,87.32472
aac2343e862ae3a022c503ac7e574f01,78.47064
016501624efc7995026fd3d5f78dc38b,101.888916
176ba7a7c813ea0907d97b541f8044bb,84.14338
fb16bdc8ee13cbb5af7eb23fa92ba365,75.874985
3a02527757e5f65eaeccd7e665b103b8,53.679348
882578d63d7521dae0392d74fb3fb18c,58.464367
37193ab242f6e2dabb22f6bd08fd22e5,63.244755
86b25eb7c4471c5a4ce773c03b676659,80.97789
3cbd7200a0bdc9930c16fc6c318fe80f,82.998436
a5f3b2d00d5901562626d15e7476230f,63.56416
677e19b1142455b930463aa5b2aa19b5,64.855316
124839601d0a14ed2d036d09e34af7a8,75.156395
213d704f4882e02d5e342e595772a235,126.32957
07a55ffbf23bbd00ec96534e5fc2cad5,91.99216
a58bd91fdba7795e36022b746e0e8246,83.998314
46746aa4000396a3dde560bb99b284cd,102.499794
2ffaea7ce4a6dfb693d0dc146d492172,96.44667
34803c0bcb366fa99532428cbc581381,61.026848
0ef6f3ba58ca0a0bf09b6260bc2be76a,66.591255
5f731be06ca1c86aa01d359e6ad53096,70.91807
3afa8c8e7e8b672cd5a257c9ab56a694,94.43891
9d3d8d746152443a700b94c580f6c83c,94.56012
4dc05e36aa8f25b292ff1baed9479e4f,87.99998
af3ba7eefa0efee298bb935c989f7f06,79.27043
1c668995cf6ae94d9bc36a762017a031,88.39469
2d4c02fcd26357a7b6e31cea015b22a1,56.587776
ef196861cb32aaceee2c69ba986a217b,103.65203
a030ba1ea6768df67411f3673497b736,70.01107
ecfdc05ab2ccf5e9e6b73ff3082f1f29,109.84373
3538e2775b9df2bb69c448c10bee6b16,71.29922
d2a23bb3767fff78b38a6076f4e7fee1,76.99904
07048cac9367c828732a5cc5c90627c7,63.91206
bbdebc343fc5cb81030198fb4269de7f,105.83884
7023d8d6d3eb2d380162789ddc77cbdf,77.40956
0063a42f7c2e03b6471f352e9f0043f1,102.71281
7fcb9adaaa3312a10431c478961f9522,82.354095
8e2aebe335abdd0d35a388b7c59249d2,124.93505
3cafbc0b57c19a233381b4a9ef89e1f2,153.3994
ec9f499f0bacd93ba7f7299c431465fd,102.71182
53025bd1054933ee7fd28c1d25aa12ff,59.600414
965e0defd4ead563eadc1a7c34b4edb7,70.138306
c14a11d358a038eff77848bb9da16e4d,65.00667
84be803f2c626236a564d34569c9330d,54.168083
dbbd2e5d5efa3838fd0a61675bc5c1b2,102.37608
4285476c73ea499c59398168a49fcddd,79.382385
40ae8e0dbe5ca2d635836dd129076d45,51.06739
2d745d1a4460d7b526b1716376e60090,93.40067
d023cc6bd4832adb3169e6888af12b6a,88.643845
3ded95a7edbe64c7b6982c1421f003f3,141.66757
86668b68cc80b9ffdda543c2100a2151,95.45514
acae2f78f7f5ed23af87da8de2f0bf5f,55.25925
78671d7c8f054b7ff6be5ddb0dd83f68,89.8915
aaf0616e09098b04b35f99291a5c9abc,72.76451
594838db4f570a63da18881b289f5e94,70.43016
789c6504762b0299097e5c441b8ccb0f,52.54087
49845e33bd5460f98688897bc4c15901,68.083176
1d5038dc81c36ec87bfc5050cdd2bf6b,74.254135
73ecbc2a5c2a2034ebc3a6db42c1ef08,69.225426
e30fc9d68acda4adb48cca6c9e9a8fc8,67.881454
56e5c86177ecd4a05adec40073dfab96,74.335754
e33cf2704325c2fff83e2000c064b374,91.61512
42a5104a5e2cfcdcca457a52ad026bdc,99.52048
d9d60815081528093bd6828d7afc932f,54.009182
cd849625b937db25dcaa745c898995f4,82.070564
5c278509181b22da349e6dfa36d1fe5f,92.78104
e649d839565c1512c8a23206b5bdee8c,62.825184
47785514dd567b8385a0732ec4d89a9c,73.71061
2406437d67f6ca163dee5b82bbc19d2e,50.23952
7b38ee2bdc2a75dcd7b82165bd7e046f,57.61688
371a8c0525ae79d06b5b3b2635690386,115.29544
7e301190d7429455254d16569231eb8a,104.63212
1cffc915f830df88a84f2427f38fcbc7,70.42843
d57fbf9ce85d6af6a5676067bb777619,60.556652
0fcec69a23d1f3af9ec3145b0565d0fe,118.69642
cb4c7d5d9acc34803907d8616c1881ad,117.3241
593d2df6d5f5507a86d2c4452330f9bc,130.7162
27849f0827d8281db327042a3b16bbb3,97.98127
ef38ce635ae616836738a2cacdbf50de,90.204285
01bb91e103b3ae2c92a2271b5484c329,63.655277
0fc83150dd6b34adb6d52f1441ea7e48,72.45368
1f4ed0c950cd85a6837d7cf2fe5154c2,73.73173
e6476c37a745d2480817fd08ab6055a3,65.55448
3ddecfe3938061462d6c7673a91b32c9,86.212074
a7830d2c6807a277f0f94acb31cc9c28,110.560394
6ad8381ff0efbe70b3794b68842ee332,69.17368
d4a9ae159d3d5e849f378e58d2b77158,84.36896
ea54180fae6091e66d941130f202a0b0,87.95069
63420c43db0468cb26b6ece4bf44cc82,54.134674
84972f4c089cce240fe6140d0b199dbc,90.04141
822b2415558f58941e5ade283df7f404,68.31764
eb00ef4899b8aad41519f32796450011,75.61531
6653379822e4d259887643863cafe0c9,82.00835
30a6e59610cd7ef8bd09a0d1984a5141,67.88244
3ac7b9eaa97136a30fc2c4ef832cf348,139.6552
768aadb3229272a301942f49ce2a3561,113.47113
2e85d90d16e98ae64819f1b0dfc690ef,46.37441
a595227084ba4bb8935eaa4130a2a302,68.93348
ae16e5ceb44033861c07fbf30d27657d,84.2139
d52cbde9e2570564432e19a7d23e73a2,76.74074
5ce6aca596e9408ecb70aed6ed9dc187,138.4396
33669f9aa8e9e4ded2e5ebe65568d436,71.51995
5e15a0c10cc1d7371c9132ac7c4f4fcf,85.74862
f0905632d6a974509a83c586749a6555,74.86792
1d06d5c786268984b1f90b2db7c1830f,120.53174
8081b9be4b93e63a5a96dea3626e4340,65.66046
73f334643553aff11c09672cdd7837c4,79.28639
d4c394bcda775c32f0411a30222f8d6e,115.14207
8fc430e6016779815ae700bba5938cb7,55.926895
718a705093e9be3ce79f07566513d740,59.5994
6f213b7e5e37b8750ebbddc1a2886e3c,57.511433
5fdd734f9be45edcec5ec85e1a6266a8,80.92396
47fd31295ebf7e64cb602a6b137ff417,71.94995
3205f6e4df57f95ecf0c5ff9b25e0999,52.227673
26aaa7c94abda8013064e322025f1b9b,63.133556
38bcac073e857796c3e795c5874ea365,44.149185
3309253da9f13c9a0618352125873c90,73.21817
498bef2a2715e17a67b5fd84e2607908,64.02326
d111557217e6b1ca5ddea50665b41c16,56.290733
88fc3b63618e506502b7caa325c5d432,76.12914
558bf53933f2c1f8e26824f9cfd73c64,95.342865
3682ba3ab361f45b898b7f34333a4b76,67.95712
e3dabd389bd7eec60016fc4c1d11efb2,49.417446
5fb0c1bf4cada8a0f2b6fa35d02b4fdb,94.56132
f44323a70d3aa2c87dbe10d68df5321b,125.18616
16c3e255c1672442d7fb85e2838e04ee,68.44909
d49310ff40f22027d6b2adaf4119ed71,70.81527
cb4edeec109ca2313a1835d79c68de20,53.610832
4af8379a77de91805cf6af7118560fbb,65.72577
054afb2b70f3a8615e82c1a19046da14,70.25091
66a4aae1111381f1f7e3a4be57f54cc4,55.07153
8f35f4361c2140063def54d704f0744a,55.514004
1b44fa7aa056b6713d41af3068bc0fe1,85.35098
90f6dbc369323de8a8630507d49a8a62,58.733173
12657e44957d0b490f3808eee64adf80,116.09523
04701baa48d41c807a062bd32b74e053,83.35998
a7c0cb2d1dc752b37bd10c4ac18cbef5,64.883934
1666d65acfbb64e11dbd2f6dcb102504,47.49373
162644b504c22bb17c79811500523811,77.71646
8bdaaa50cd062e06c165b00492b45b38,91.436356
9afb4f8ddfb615c33de9dcc9889f894c,62.068604
6359557fb92dc12a70fa808417c83bce,169.02754
f7b91435b45e2434451d47ea86304ebc,91.88011
15cc79dbfa26200d69436bb210e06eee,77.8182
f5af6aa4ed6b40e6b3e91dde35211e81,92.6577
5540cc3fa65818f4c6e244c99227f568,103.05407
1ba31dc2069ddfa1c14c9fe2449fd30a,77.31101
d33973cc15c82fed6e1cc6b06cfe0167,80.79176
9ac600a4e4b88e819e40075b8120a1a6,65.24462
37568aeed34780675430420942bfd442,98.09198
3aa1f645a38ed326c45e13af4149248b,51.528034
39dfcd48c65657a89cc5075b63d47509,69.658325
5800021c376b9e0ea919d199550a08a9,98.89722
8398b30601b169e71dc45681e71b37d1,58.547638
5964b5374a67fe2cc7ea8d2d77db10d7,92.62164
2dea528a3cc8c1ca3512d009a08444a8,72.22746
2072753cd7c03843f04ea4e5ae58e860,74.335754
72a75929591a5307e88a83ca35c712cd,91.23467
8d685214ffc3935fc633328d6099e274,126.450676
734fde19fbe18880d9a7ec2d1e10b1a5,79.377815
e7ac3931fa334b07d6b6b7611aa51d40,64.583855
0e40710440652eca86bbb48ecf2f928b,68.44806
55d7a7eb2fe2d0d500bfd1e2d20f84d8,115.62442
405197686d4d33a25aa638d554246005,75.8361
9e4708b88d4d5521b89e6b299d083bb7,59.114105
33f3e8029f89cdb5bafef019281cf4ac,103.35214
0e765c50f496c636d04318bc8d62e09b,60.49151
e4b820bbec6abd7f0e45c2b7a903485c,125.4122
1805a759be64042bb1e1c34a326b7a39,75.84916
e41cc304710e760e69aa84497f88bf0b,57.553165
cff10c06d8b8e722e706bd5f3be7a077,79.4397
f2fbaaeb02ec47ce418d43561aa83b44,55.37241
b588286fb4d419493e1c043c023960cd,82.76461
eec44823a300b5c3bb0ef89b1c9d1346,73.456764
af3030a30db62c69d4dee1e7376e6201,116.21111
6a243efbcb9594f7f82712228d4d6913,84.28242
965bc8a64a38e0ce7fe3915e36734626,59.859745
e34ca7ba7c60d4e07c3caa60448fff88,84.972404
f5252260e314a67b1014697d87f2a698,85.867775
34673d15a72b3ab9540c0598deac0716,82.47206
a08b2a42e35c1fc358d8c0db420e5bf3,66.500374
f10f9106764fb8c77661712e6a0b5b2e,122.01975
1a19221d2ea4041b9f29d22b4946f264,116.09523
d213a9e5576a643383504799f1a57be6,118.06133
5daf199d180a13ffb5cab50111c8041b,75.32176
79067ae34757e7033abf6e6af15d65b6,77.31101
398ffb4191de821d33d7a7a25ecab349,82.680954
b185c66e66348b89cd62207d3f3aa401,69.10546
8f07edee229b02900adafb74d9053eac,64.51238
eca817733c646d72837e1c9618528e1b,72.085335
29854d59e82966e84d9efbe3f6719fe0,71.391266
f99450f8e538c112001337f44912fff4,96.05951
76028e1d901696f867bca3657d430b98,86.6227
4d45d0da4096a8d7c96b759f865570dc,83.343414
792659b87c10e288330ff48d92d392fc,92.20741
3b275717b3d7d0623e53c1b4ec07e5ab,122.9807
aa01ac5abb24dc5d6755c92d98a504bb,64.17831
e66ed70f63fcd260eaee39e1a8c9f2aa,69.21031
38c9f07d0e66086f34a447939ee09be2,97.94263
5671eec5852b6bef7b01ccb8dbb267f7,75.81353
4aa4280dc865482675d78b2474e831e3,68.452614
1e6ceda1d1aef3cd31c906821a101d2c,71.73569
b4631fc0363d38ce270b837e5bd9f082,75.793686
f62039e074fad3f1730ac289457d57b0,109.340935
2685a341036ad50918a907a0bd687796,104.49867
4de803d10ec7661f4b1cfa8f830ea4cb,84.038025
a9ba61687a247203d514e6a37e80b3de,79.38913
5a8f9ee1330c13d636b00e2ccb3143b8,91.77981
ad2a666871b248b2793dbc199fa65493,82.87355
4d714ec9751cce571ad39071c9a80bd4,53.586914
1d7db75cb4e5fcd345619c5146551867,60.590336
b4fea2896a5b49d8caaddcf1d09e73c1,64.51238
092c3440f5ec9c701ac58c922cfb53d5,47.097843
07624f0e6a2103858a2029ad12239ab5,89.53688
cd7df622b6e3063edfb88709d46576eb,103.091446
bd02ca01b4161b528db4e1ceb4ff4e21,67.25297
a53bf42756b9aa6603ba3633837d2b23,79.09422
49ccd31699cb3803a4f48b8662a062a8,175.53532
9864c3f32bd1a57667441cd6d6f00d63,63.103027
42d541d2cc98f58ae2c8b3b8baf17b4e,57.656574
f300654a8b26109cd0cda61fbe6b6ee2,71.90684
4f5e16f46b95b81ed9b0b5ddb84babf1,64.630646
6f32d1782646afb7eee2c23aad33c19e,56.990765
1d038c70ca0022bb48d996cb02b1c359,82.975914
432cd31b36cdbc446cf04bbceef63d3c,83.2192
141561c68fba692893a393e9f7ec25a6,114.269455
519c3d0afe1bc6724c6f7c40f150c0f8,103.89309
0531310ae12f8d51f368e4c10ec74a40,63.68432
0ec46f381a24232752bfed6ee47b76a5,81.02089
b0a5926787f616c8da8f2af26bae8b83,92.982994
c362b6b1ed3fa5b2561963713e2cdcc7,88.87386
57d39574396e6beb7a61f411a414b809,81.9994
db485dc73ee6c353d9fcc8110f0c7b8b,92.547905
1efd96279d8b7d3dad34a88611aaf232,128.89479
1569f0ced8af0a3ca3ffdbdb76194dfe,81.75825
70c91123aa49820f67e6e8a85ea6bd2a,98.79307
f0286232957c0ab8f6f772043b651667,70.63
b8ce914ad8c4ac12d09ffdf82c390883,98.718834
be9113a87f92165a3e75fc5d03361810,84.61087
b5c57b4c9705e1d267af5629df503c02,85.18837
e2097fecf9158604e43c0b8404e00f4d,63.185455
a8a0ce30b816cee015507398db655758,56.2058
b3c73e8e054a858c18de47eeb47fcb0b,97.51841
57268c928f114ccea2ec00217b4cf276,78.137
c539a78331fc925bf3f22d2f7c56543a,74.831856
d364f6913b02072f0c326fb3dc7aff87,74.8908
b89858b0467dec1b53d939b262ed942d,64.12363
8bb86fdc39da3766b02a8db60329342e,94.58401
10347a945e3e27d626a44e14227af617,97.01608
0406bee3014bb7d881110579630db14f,81.29152
b3c55803f7676df228b6ad23011a980d,78.978806
9cf2770d3712505742aa574a1665d9de,72.40773
e0456f270d70cd10f943fe4c54ecc66f,115.71875
31d61a57c6ceb898474f9e8a9784c579,101.26749
ab1ce3c529443eb2602f6144e5bd4c5b,62.170002
1903a87d57feab3b8938a08df38ac30a,71.19511
dc4e77f5f1c590f646a8625587a1e1b7,78.90411
9ac421dab6fc30845675856a22901a63,82.21209
72e9001e5f8950b24250f2be0a87fce0,74.792915
e434b73d264318038969ee160a0273bd,64.55323
1d8750b9691dc3ece5d3fc045903d093,87.051125
fe2ab4464eaaf77f24a7f5de5dcba342,95.29298
f1eec359979df13ef4eb8d24724192a5,78.17716
4d6c437e79f1bb599a90c9494e4aa124,58.30499
aa621b0a86221dfdb5c815e5f6a51c4c,56.22273
70478cd9897f590f4dbaf4d249da4dca,98.31545
3f889b87769867e6c7f1f17358531d32,92.24006
e970b5a79f4201361b91db87f6a7ff2c,88.86183
9208bcce5ee71b18ac973b4eef2bd94d,56.990765
9685603bcf96aa29c3b100ccb13ac6d3,85.87636
d9eff9a519553943caa51b97b4c8619d,95.432236
9333ccf6fff635ba46e723cad5fd5fa7,69.75464
82bf985b9755679fe7d8a42b436ceb2a,73.52388
07060ed029be738a3fe20923bec65d78,108.98652
4f36878f2b1bb37575ea9b7cd9cdf5ae,78.76077
0f6be4641807317cd2b5772bcfcac014,96.21444
118cb0a61fe18923ded8eb5b298868ef,92.11784
2ab7aa2930c54a4decff86fadb56bcd0,155.54465
056b889f979e80a8073dee57e8ad84c0,99.245094
0c00b3d812b04cba7b9eb9b1d6c931eb,101.99053
b0e70b0059a14295bdd63fa9c7109b8b,71.50808
2493e9d621176095f44d4650c0d177f8,54.676918
bf4e270dc71d86c28f0de6baf3a52e43,52.031704
24e3cb985c91d9e0275b8170be0832c3,65.55448
5559ba7926ed67015a157f4eec25261d,51.867016
2e30db1adf540dcd46637ac7265bce92,72.146576
71b4502891a16dbf61aa22a07273ad27,72.73741
3a2d1a9b2d7e9471018b181f0b258e0f,92.10526
e96c706184148c05167a93f9b12a35e7,54.638237
176e23cbd72ee850240e36dbda1b2cca,102.965836
e6e63bb895ce7ec8f85c327cb7ee493c,67.83066
8a57720096bef02f5be040638198752b,54.496128
63730c460f9eee04c3d40dfef0ce9f31,72.29364
5068f7106548e0cae973d0e9fed9dcc5,55.853745
286bf1c60a0b8fb52a8727159fd960cf,71.57722
41e4f4e39c9068ecb1a4e49ca6e5a949,76.08323
4873c0e61bbec2cad6979ce9634141cd,71.531975
034d6877d9b2f16912dd2d6fe435d7c2,68.23729
9e5f46ab4d4b4887a0f742ed1648028d,57.958668
4971c2f22cd7d752b24f90f84548c242,62.104156
71b4a4141040e719c6a2768849787ee8,94.764885
437c3ac290215ba5bb038cf80bca88d2,138.30281
ebd93a483bf9255b29ff41cb65925d21,91.5491
9c20b7f885ba994cc071a301f4c55c7b,106.96784
fb16076ce66cd2394dd45b770b531316,114.1077
316d117171a2b7568c2cba3da622fd09,83.193016
544667f637294991a94a7ade96233609,107.33416
c07791c008502244270d56eece680a70,72.750534
09fbcfb8cd66fb24819db0e29d63fb9a,71.815765
c0cf132c20d46150308de5a9c00377a8,106.45794
c5ad60221863f9c73442bbcc98bc4f5d,127.445816
f2275c3fea9188d97b003c7d310e14f1,81.02043
4e0982ea0a02a2d75fa9bbbffdc9267b,107.62967
ff5ac72b76d64456c8430eaf967e9ba0,74.62425
038f9cd87fb71559437d2bb28e054aa8,79.494484
fed997aa3df27b4c7dd0f2c4370df196,63.383934
a75b08ded9746a32ad939400a606ec78,80.09
de3ea8f21f89d44ad379d385a0c91f6d,92.336075
91c1f029b3ae7536fb6ffcb02283ff28,57.073986
d31a14795e239afd568c4a058bd817c2,68.728745
9b0bb6f8a4c0fb38f3dbfc90d0cc17ac,71.90684
d3816e7735b3155a069d876fb1c4a8b8,51.925632
65a5bdee234440854175020acd5966a1,49.43793
c2e3bad944844bee66af9d831e14f2e1,63.060238
cb4d4a2e3702148cd3cc192e890280b0,130.57922
813d2ee836f7fed55992dbef6f3cb7a6,55.07153
9e2fbd65c7584ced9c75347b8b0ec5dd,120.82546
b97adcca7a4612a9abd5735b965dac83,68.29899
70395b52b21a59f57e16c6acc7ceb2d1,55.2299
9ae8f5a08218a32043ce00dea292e916,99.356384
de52398c662804c69ff3b03966c29277,52.884727
eb107f6897137024d63b9d877ec820be,164.55482
b54ad8c98dfa587f29b386c6e13f3f31,74.85629
16224a9da80f6aa8753a4adedf80814d,75.071754
895a32312efb7ca453ec2851a90b6ac7,67.65578
c1f32942ef77ac5c9ed986aac6ab98c5,59.875534
5e6b433dfaa3324784a8a72d44623bd6,67.347534
4c1ef4c641976ddf4062fde1887677ec,85.49249
7962ea95866461c337451fc55efe37b1,57.962753
72cb225c930bf0c16fddbcb3ed50e44f,87.5949
d6db236ea2154652de617656d5786b04,73.50183
ecb0b1beef764c547e326e6c298d4191,60.683033
125e5b858da864f5f42d642ddd28dc3e,95.26776
741a2b06fe3e5b95c4531c216522458a,127.61042
03e0f2c31305be089c09e264c07a9947,71.51995
e8b406ef401477b379a682bdd026a640,72.84011
5dcd9859206468c9aff4e48d24cf18e3,68.693794
bb3cb1d5838b79bdd0bccc4f449418c6,60.28415
4750b11aff08e58a8b3213533d3917e7,76.9465
1b06f1d88c6240b32913b7c7b06c7fdb,62.73407
f7507e7fdc2b9720607e93833d3300a3,101.15022
55fab7902e1435deab83df96949b0a87,110.032745
7046122c25f4f34a75157b8d63b2e27b,75.20145
cc9870304f5750f72503d58aa89c6798,45.064575
9c95437874320123de2844460e56afd4,87.01544
002dbea77302f2d301a6bb2b01b94876,51.713123
f7b71c07b1c8c28766499445f1fa740a,95.59414
5f5997df9e61021387c887d68a42ad16,65.55448
f479c8b9c7675ee19541865d3e4062d3,274.55466
a8546be3a7836b549a692efd65ddf414,99.32351
71b68be602f4b5e898e1bebdbdf1ee96,63.91206
d840bf8996493e5f7f6812c9906c182b,58.464367
378bf8d3277e7a019624d7df4ac0e1d7,89.16481
edc27b15dd5d32062c9b11b3882cf00f,58.139633
124daa6d824393f507a39c09007cecec,98.44008
11bb636d06596bb8fb7bcfcf852c6cc5,86.271996
6663754ecb5ef768ff334397cdf78ba4,54.25227
cb3a0557cf8f9d84f825cb5c61ae1941,67.611176
fcc2ca1ea94a4dc5596bb5adbc7fe6c1,91.74346
fe06916148d029c19be4179737bd1c1b,77.58585
c9a9487e297fe06c634072c977cc9d20,83.96562
1ee25a049835a6154077371bfbcf56aa,76.473854
56c3e0ee6cd4c754b26abbd6cb34320a,107.0985
bf7672f16983559080a18fa1ecca8dbe,96.168434
129aa8c70d1e55d3f52277ba855f204e,81.75816
221e534cc5ab1899829f909d6eeec383,121.91955
42a5d1fda437454866bd18d21048283e,63.380253
328ebfb2fea3a55e52cf3a379c2892df,59.768597
ea3e91b7044baf9edab6bb354c4e12ef,129.21559
5c5100377fbff7fd0ae2cfc365f7a9c4,92.32244
d5d20a0fdaab72a4cfbd31d9c36ae226,116.56985
e2dc0476267cd43faeeaa8b08a5fefc1,90.0993
0823c42f4a2f9c6ac1df870cc93c6625,64.95124
1623179d5648f8d85666cd7921f51c39,110.49304
a921fbff9199d6ffc34280e41d23ceae,59.600372
85863b9b85a3a0e32b37abef5c434f26,83.799644
1cc84a4a908a94a5e3666cfde9e11559,90.666855
9415ffd3e7a76312651b1ceb95d03da6,66.73055
dcf01ccd49fd3d7f2839f8a405b5b1f0,54.75578
9bcefc24a68dc6529d81473cfaa4fcf1,92.84952
4789898eadd45a33cd30f4551efbcc9e,95.622734
467d48c2c6e42a5a47a494de2e121c6b,103.91116
6927e22f7f1a09ebbcd3e23877962aba,42.98937
224764d4789f8f0951dc14d0aeb98f45,80.553825
6275a4043d460d1d6c835529c95a79cc,102.328255
b27e7687ff0395560f65ee597caf6b31,70.47852
53d97a23772d1ac4a5bd2ce080a8266a,75.54182
792e91faf9c94b4c60515b4d8f8bc266,94.026985
6cbcacafa2db320b639618b7a09e1899,89.243355
c4cf3cf7164dee3d6161c71929abe24f,62.40152
a3a11ade0bd9d842430d3334f5c509be,45.62536
d195e87dad88eb7d0a1b79d37843cef1,105.65067
ebf6b46991e9940bec52982601708e08,52.034985
2db35cb95357a956e27851baedb34bd0,121.22627
dad4d7174471634a86da4704c6d09a8f,51.713123
411ae76f30cd1335b8dc9accb811afa5,78.9122
742c8318bd4b691ef21517372e12eb14,86.441635
e3ec68c2ece2b44403ecfdf8a3675b36,129.01659
9ed65efcd1d76024a97051c9800d3370,123.27942
9f93e12860e772ef7db2d5020b86af21,91.99295
3185e152021ce69723d4d8f758c19e12,88.3609
23a44d6cce2ab9b4be0fb8dbc5733c10,82.813515
57e38c85c1d1bb9cd0d0a69aea3b1481,73.1843
b3792687bcec3448bc233f6fcb839945,49.387245
c47d142a67bc8cea16d5ea8f6400ec61,75.66955
3ba92ec5f13385303dadbe0389bdd51e,76.29596
8e06d32bdbe477ec23f54c0c3a01acfa,80.39896
f5f114416a940948f0d96d53be108763,89.90506
4dc774d89646515086e4e579a8954740,71.87805
1048da1c7ef1df5f3be3d3e63f11a7b1,83.222946
9e2f285ceb684d7455b38d6e71dc3eae,65.66489
0ed43052088724cd58845c64cbe2e702,142.51509
30b4ce6daee913521fc6a34e19d8ab20,62.656578
07552c3d728c6cb53291ecf0b7f02e11,41.4249
293d363689c08f3c3018e87609fbd308,80.92518
dc968b795c242f6f36938c602da2bdeb,64.671844
d5daf5343e7b5c3cc7927f361c2b6871,74.85629
41fda65b22773e16032742991345ba0c,100.300766
78bfe0c0304e8d4b197c73b18b7fe822,75.082695
4ae4a38f88effd6b068ecd86724414b7,107.01449
f2af09ec63541633a501828ff0fd909a,70.960396
6ee30c8bf8b99ec1fa56a9f5e8f96555,91.789024
19c76ebc31d1b9e8bfcd5805d72d1eb7,51.195957
c328f001986f7253848a1dc2fefde3bc,113.67007
0d4faec358b78a77256aa8f3c46c5cf4,65.059784
b8fa62da2739fc7aa83af6f24fe161c8,45.014267
6d34e12a57611e46702730a3c1163f5d,95.50539
643c100bb2d0698987f439bdcacc8f40,70.16783
ce33dccf7d122729f699bcc4d7550285,88.776825
0496a6cf8650ec27198463c97d0e58bc,75.392624
25e66af89fbc3186a9d3299dee0df1fd,69.81861
5f61c261a1f1de3a8826a770d58e6d48,116.251205
8ce10418a6d9e55f6bb9bbb78e915885,57.058834
ab22c2f887dce5508a27404c4dd35efe,72.6451
82c267207868cf277359f6ad5644ae36,73.14446
1a2377c3768dea0c3db31bed9bee8224,93.40965
c459b224d53cb4f3a417ac0577758177,88.09179
6a65f36a1fae16636a96388570b0db61,59.7478
7cc742a7e52a2ac5a2e127de603f5747,131.53864
fb53d19d89fe69a4f8528f8255071510,66.564445
6f83302b7d415608c8fabd1adf6c58e6,76.25197
534c626bbab86a26334f932025aae684,123.74744
29669b6b9f9a965a9ba71e117ffa759a,60.383522
ec2b8a34d66da70c4a3cd5e7c3f478de,85.075134
a3390a4cf212f377b6faca821d2f605a,59.144405
db42083a409b6bfbf445968090847f13,89.27541
34cf70e7dc2fcbead066e3e5426235d1,82.96782
334a087f5a02cacd69f98b955b1f0809,87.49883
e735ca25c3bd92669ead358e7c594f83,70.19408
3300710a24b563be1e5c2b5686835177,65.50745
23977669e14be420be04ee6fc3c51168,98.19022
47ae88b636861ca0e5ad850cc366d123,115.26877
c8778f3094ed942f2ad9927bd038c473,95.95173
aef0444688f3b0ca345a1ef32f0e917f,80.71723
518fb2b512f6efbeb67efb334bfa7192,71.57475
e0ca5d590a58a09961911c321f41b846,54.79632
d8fb414e6b5906fa5d0079c3c2ff8fe1,47.097843
f2c2de3879a1e0ecfd54447a1618ac8e,113.68968
cc8dbd153bd8a134906ea6b1d82608f4,56.89469
b0c3464701fcba3858c0a5455fdbdfd8,68.716156
58df87ac6a0935e933909fe4d4f80d79,67.7387
4a9e9db78222ac7192175193c6a7f41e,140.13194
9e9908e1a593af48c7e72ace138bb0cf,75.43797
f41597a910890a2f1377326a94e9f540,65.80801
d8b063eb6edbe4c8340988f7a4ef77e4,61.32602
670d16b16f8b6bdc6fc438086d8abe91,91.0085
bf68caec2f4ffb5cc1371456d063f41a,50.217834
1784e724006dadd676902cee7b823126,156.2327
33c716e61b5e251fc95ff9b0eff606db,92.56867
66ef32ea3d38a3e756698fb16cc2639c,79.76391
abe8121e989a9e1c7a310bf5509f683f,89.19237
9a97eb77b8e7dadf4d0e217a97c2c3ff,110.05505
f077f68e0c9e58c9524310135f1b8c78,86.6443
8d4147113dfe613e606cf55f6edceb46,82.644005
f28e0221986fbecc13e9f6d077eeb811,58.678905
d01c78325ce7a063627c902bd9a94488,46.524723
fe9038445fba3d2baab79a1529ba8cf4,73.05962
ae6896e5ddb3b01831210ccc8be5be30,86.38682
cf1c52e322d9261fb8646fe0f3363c96,100.758736
f739ac97e36304f46fad2afbe272e7ca,64.45103
8276849e8fc7a679a7b405076577ded1,115.93386
d742442df6ccf10b3f9dc425c12d8c1c,121.634926
f9443e07ec9f41ebc2ad2912d5391d11,56.28657
65299aedb580214505cc42ef3e57b9c1,75.5324
be1fc1547436f48256f54410c0e30fe0,135.0227
7d7f364d0304bd302a375a6986ab2cc2,79.996216
a66b754a51d88ddae296533b20d747ca,49.327587
e183614883ba86271af10bb705985c06,97.665825
a7a383dd0d3cd4fbf4dba7ffc6dfa4ce,89.377815
5da6222e48e7bab3fa777744232b8950,96.03976
e6d8943f2569ab2f705ebcb6e035cac2,48.125492
85aa5a363a41c6cc2ff5c0934a296877,80.78216
68d7de492a46373131b024f5668c9018,125.12154
b568a9cac72b7cfaba814f94807171b3,55.02155
874dc32778d34ccfbe7f5c58192dacd9,77.31101
5b48d3377c649f984a14854ad2bb47bd,101.99896
df5604dab64249f15835270d63571af9,54.607147
1d516b4ebeb7e046523fea8b1afa5800,66.05421
fb1fd1a4394f93ff77110f70ff3b01fb,79.46601
9b251f84738b7cc713114fb5ace62433,75.420166
825ac2f0e674529a87c3150954e8c038,127.75944
d347e8dd89f28632d49ae2f527bbdbd2,77.69615
441c55497290914f2ae76d98824b2dde,127.667984
72bcc311ab251f02f795c58a255e03d5,102.55718
5ca3552e402adc5903e081742e651820,94.413536
27daa13ff6fe04848475d57e253ec784,89.85858
087a8917f10c25a42e89399302c1bc4b,64.93854
83c4233df89e4a0cdc1efd6819a8163c,68.53669
e917848dea98ee3ab6d13bb242267d6f,62.50223
f6714e87609469bb721451d85a43579d,55.317688
710711f69fc2990ae1a78db77c2a6c96,102.26001
a0c6bc7dda78040a5f78a075c20fb6af,50.93601
0183c4ad829907fad1b152aa7ea66334,60.592678
08e963cf8c0c7b727f42cc5ccedf2f28,59.348904
b8bdd7fcf65f295fdf4545242304546e,77.81558
6fa311102b812e04c4e356283bc1965a,61.43902
026e587520b060faf748b7bff8c39e8c,68.82677
14338a2ee3bc9bdbb0dc07d1361ad44f,107.922325
238272ccccc1b3b732c941fd376f26b3,97.70123
c02de9afdfa25a7f0e18cf802db27b55,58.327114
ce6dc8718b0213cfcd1993977d91fcd5,72.555695
b01c5ed6de3cffa90f23147afd3bfb51,81.435005
a57b49058eb3c32b64cbcf42f2228240,113.98772
b3425d2d12c1d44f4a529a08cf99ad62,82.38426
99dc4fcc21cd1052259ce7fac43d2229,77.177826
5137ffae7dafca85ebb8866738c9d7b7,58.352596
44966fc7d55ab081a43dc7cd1b69b792,83.03917
f9fa6dc5cd9c51f62fa436b016e146d7,72.40508
d25db872711962f73ca697ce8b9bb3d8,73.637924
175b3dc5de7dfae7b4d8191c5daeba79,90.84759
ebd6a50dfdff4459c415a189d6d70e71,240.83434
4f1afc49b741558afe59f815dd6c474d,59.139282
ad3a9886cd3316cd8a9a70a454c99cc6,86.401955
5cd17b57f000db61c5a1143b9f7d51f6,60.463852
0ed2eb7a8bbb4a00c8efd32fa9c9c54c,60.172527
e8fae9108c7b61c3c30c56ad035757ee,51.670128
fba24271641e26b8681028e4d2b83b22,97.12823
75157e48e5b3dc464d77f272bb9c4e7e,62.37253
4066e142808df3382cad77b0d8bfb6fd,89.206635
e0e528fe6946c51d95e443ea58af3d15,91.45795
48ebac79fe38fed576f99d4cec4a4df1,86.28985
67c1e65de09218fc700810ecc35ecc2f,74.63554
46d0480d44ab25014e95bb77e636ca35,103.03227
6bd9ffbbbf43ec5403c396a0b99a9744,150.3811
07d7dae45286fb71d7c09918b8e9c8cd,84.6379
6cb93a2cfe5eb583592c8e35ad219932,120.9043
d992c9a102a9dfd3146b6b5cc3d63afd,85.77669
fde94926db30427be954112ef2573e06,77.86812
ec74dec5b3718e81b117ded37b885db6,135.12349
ea2e75013795cafcedfd1fb64303061f,81.95948
a12153b818def969d607cf9970ab912f,83.63082
4e1c6a7e9f9c77bcf57c570b715777b7,82.39754
445b042b3adec5de6982ac0cdd59c8bb,91.58116
9ce9ab702f18ea8359f59142abe10486,76.85276
7f1675df8ad5e14a71f3fd34747f1525,52.319195
94b8741f7e7becf4bd7a467fce2f5e74,135.12851
71bba03bba774d16f1f2106e8523aabe,49.88749
7de46830b93c94a2f06fef04b1b3418e,60.229244
e5231c41acbf99da0339627fcb6f925e,78.54244
a0efe6a7f7a72ab3e9788e8b325a14aa,108.62681
19f2153db7ab4924a01b0409c3e6cbc5,121.634926
cd96aaa4bfc293eba7d80d2031073334,63.322117
d9350ef437ab6216b3166cb444db59e8,96.16102
7761c79d6f1fb0e75134926b802258dc,79.33459
04843170b0f35fb1ecda1c5a9a4cc49f,81.12423
4b31b5bbcee00e11484a7c48e0e46350,59.559834
ce75edcc9ebb23144cd155bcad4d560a,48.84002
c560af9dcaf5bdaf9091cef5b9affb4f,58.401535
a145e13a19ce99e8a7de1ef86826ec7e,106.20328
2d6ca3a058b3f2090924241c3bd70848,67.329285
05a54ce1532af9bc9b0dd01a11a86774,80.48995
c0cfb0b8ae2b0a445c8bbff0ee208273,133.63503
219eb5cc473c0f24e3b0a9d1be299c96,69.47663
bd376a4c08c7bf72aba8b2886c034687,58.24665
c4ab7d29026e04e7ee5124b79745055a,106.73888
e04683a2199dddd48f1ff8dd3fc9191d,83.83459
0581ea119d21f0d9f533437640ecda32,111.03726
b7cc68ace35270680eba0e50a60a6ffb,96.28888
9f2dffd1332cf9094cd96f37524f9841,61.84186
18be01bafa42b5190732638ca2bb8b59,83.95198
c0cb3cdfedfe6e8392ecc083d88eb0ec,61.730057
eef9343156c0bc6b69ebd7ccf42652fd,113.14965
386edb369ba6723705375f85ec68b0a1,114.74418
7d575e45c5ea141845da464518eea1f0,52.69448
185bec812f263019687cfb380e418f0a,67.678
413e38b14d38cdf54170fdcb70eb98d4,56.53828
f9d24f62f6675c36143b2c991d044d37,61.4722
0a1851db4e4bf4c3083873ba7d3518ae,64.111145
30e253444569445807edd05063e38f11,55.461937
3e09a9311c8751a35a69a30dd2d8cc42,143.28427
bf7fc451eb034d30372987480647a8f9,70.811554
a9ecc5a48e0fceb25fc8c2d2aeb13c85,81.79914
766858898915388e342eb1a6904105d8,76.013336
888027f945e909d655257fd57d10bb02,82.52294
676a4ec6bb7a7f0f6c1417d2c98183ad,56.64117
d58062aa98b15f0923d79e04a47a8c7a,106.941345
3aa5f61cd047dd88d320197e4cdbbdbd,98.30154
49bb5ad6cc98814509fe402e10934293,79.70442
6db124e28eed07b2093beb992dd58888,69.71863
febcb999f4cad1c38454425088ba7ef6,81.9855
a4679535cc12b895b77c8a678aeef1c6,87.535416
d5d59c0539a09a1ca0315bab46d26a83,93.97128
0b82d66d7baa5e708fad9a937e8a8654,140.90714
81788914ae1f361df0647873a2e1873c,106.0772
0ef4cc7e2ad006ffef0d147a53cb1ac7,92.60986
2af48e61ab6ce894ad93d8bad74c380e,73.66915
fe1e327c88bf92564f3158df7cc4eef7,81.9994
505fae56d6d5fe14ffd0dc4e4d70d161,68.79415
69bfa0d8f19b60999b0f174d3484593f,58.9716
e738047d34bb836fa00a938367de0457,161.71935
f2f7ba9de07627517655d5ae9715a18d,93.40067
3aea8b462611ef7aaa3b0b1e5ba31dec,123.816925
5d95c25b473e485ebdfed9dd75f246fb,84.10181
477f2116b94c721a8377b6dd58ed8867,81.81834
44c9c0aa5aa48710e5038ddb7c4e520b,56.48629
7532ae6588d89050f3a4815fdfb1266b,91.67093
e3b66c344913f92289bdb665b7af1536,48.4445
07168455957c2228f13018ead0d91593,92.28896
92edcc390207bdafa9e771f4fa060337,62.265347
6ca50007c908d994621b6b4c0ddc2584,57.789555
bfbb73ac325fdb2d2b0eafa67b04b672,130.43887
2b287cdf2a380739dd2c580e6940eecd,83.72788
1c45ed543837fd788c1918e6056d3d91,73.456764
b22726539f1be26ba894479f19708276,87.637024
55d259828c71df6e0eee47839c034407,51.7382
4f2c92ff71cbed03ae64ce302da0cdef,78.52492
2c956cd1466efc5626601925076fa4de,71.10924
8f7382076fad3e46136929bbc55089e6,146.2227
62f4b6abdfc38bf502a77e01391701b2,61.39431
2982ee55859a0def2678beda550e8dc4,70.52235
266481fea894ea4d2216c1bc6e736520,59.854023
f6e60c2faa8ebbb5ff5e51738e3c9dfc,50.236774
12769ff28a51f6877406b64cd6ab299d,61.84186
7688889b663d362689c5845d76290864,68.50283
6493e8ad07b1655b6493dd39dfa9f4ee,118.04219
f0ba8f44af4c8e02ff02246c5129b796,51.06739
3e6fa06be273a73aae63c9c24a4e653e,64.74418
162fa3d17c686f2fe0c2c825138be729,104.75767
6e33b433f71fb677c9f517d5ef5fd7f1,79.363914
9ba5e66cfb5762f16748ac9132e836c7,80.39896
110b9096499c62f8d3d1054045ba59f2,93.47647
3bdbca3bb137b8c877f5faa3787f7a90,100.9648
599662ecfb9ca82b29ad99be88de746f,76.438095
00888238b55dd6feec6c7acb50e3570b,107.0985
e0a74de2fe71be1131f70c9d4babd0c1,129.0618
5035e67196cde36ced2b9f56dac23f58,93.871254
206544e640e92a2f3ae6a8771ae60a63,77.26166
7c8ca7ca719e4e2b7ee98e49d12cbbeb,68.2769
e52f0f8b6fd7a1749ea12b986f29696d,62.134975
511afa76ebf9d6296289c33c33efcb13,49.208534
40f4f20c045e381aea144c5d7212a12a,74.095985
cfec0ea6a08d9f3bf837363269fb4a32,82.998436
1ead564ce29d08ffbab77c74ffc6cb86,88.26486
fc1269f4d33092007fc4ad86522d96d5,85.83708
56386367f8b287dfb40c640af9b86353,115.61552
4cc374abd12e8730a49df54dbf9479bb,120.9817
25f01322b246f6e764dca863dd2408bc,80.5909
183473f02a3f3b5f6026bc972578383d,70.01517
a0ca5a373a7b3ea77d7f8255b6ed8fac,83.25229
ecd7ec2ead207024b385386334503ee5,96.57813
52dce774dcc2da4b98bd2e9f0acc6258,124.07854
10ccf58a4c4e82e286b247c6d719c025,122.117134
97295eeb98b916670c8da588cae7391c,85.98259
f0a8a19c4ed1290ff0ae344c8fd08b5a,73.135796
3d67f4b6f4f4f60a8aeda81af98a4355,62.79573
275dbf4b7c6d7cd38342707296c84201,127.45247
26388fd78f36c4af28f47db139d81bab,94.438156
4f7e27ddf378ec8556ed0e44cca8be07,106.941345
a2621f4e81455e1d8d788fae88034edd,76.8679
1b38c31ba46d99038d0548c791ac9362,69.28228
054379a3733530ae444e964467884d07,154.91235
ddf76dee29a18bdd88a04f8aef2e82ff,94.870125
a499a81a0e1eb485bd6c663462e4596b,43.226265
0be282ad0e34d3415fed48244a45abd4,87.73343
35f8302686d5f6e861a11999fd695688,98.7906
0c72817132c5a7e2c9a267fd35aa8eab,96.78762
685638c8a8c9ceac2e31aa74d6559646,70.42854
cb9cce8801f99e688822701e17ec9a0b,64.44125
c272f079241265bec3723fb16d86d230,62.89266
e8d3c43ace87e014898265472bb9b2ac,120.013855
77b4f3a9bd9d947dc8ece01cf26e7f54,79.6789
714ee435b5abc7460516718ead47f75d,61.654465
e108a53be568198a0f2894e2c8a7efef,57.138275
b3d2db3e4070ba720b6f9f4b6eebb87a,66.12157
1e63c87ff019f3bca1101bd0f73cd283,96.75152
45de09b4b0687fb586477dc7318b8576,68.60748
4b06ea613376a4b89e44406d9bf5bce6,75.56173
236629de8558585175506472c8e35762,58.45856
77aa90d529a8a4e1446a53fbeece0cf6,91.77981
bfc0fef0e5890c4ba553ba33c0ea9eff,87.84644
b346b54486ef2226d14bfa8040c56395,75.43084
24fc010bc767d49e4c54e25b70504358,95.54817
356e5a660e84bdb246df34a4aa82e475,93.715096
099e7ac0ad28662ccae5d5d6dc6909ac,55.25925
acb5a26423a25612835a75441432572a,87.051125
bc1171e36e16e1b85c25f424664a1e1e,76.32117
c9a29a8c9de56829e884e5ba20aa8b9b,93.830925
83eed4ca2e0a5f32f70b69b68e5fdb56,82.60896
40941e8f7cdacb6170866d554ac85fbf,67.07579
ba7d98766fb4fb958ca93fae43da24aa,106.737404
b5719a467a6585f946883286a33611e3,74.77421
d3781bcc6f42d9c4422c3a803a0ff854,72.87855
aabf67dcb0a1c5f1b4296c1ef53b90e2,81.72396
b0ea9d596790b3e0476da41552c03e91,84.87419
a3ae320f7ae6dc83bb72d682d22b29b1,100.44598
8ad148a93803d0f86a4ceeb9766036d7,86.41203
9dcf2fcd0f5128c60a36a410bd7a9006,50.772408
5505e05187ffe23769dae2bd112ba2a0,77.85505
75f351a31540fab7aaea92a4c48ceea7,160.39742
6cd4afe858bec8ff14f6e5ac55617fae,44.057487
49ff624f9e9e235c2bb30b3b12b78f3d,113.96902
7a14020509c4eea8dab62cc5587bf3df,109.54604
ff56ea11c8a56227a2d7ee8102bd373e,94.62134
e930a0f3a5e02d13a7e983acec6b0272,52.22031
9abc6822470cb6b4385892a9453b7b80,113.06426
231ba1662a88f285d902f52720367bf9,53.102448
50e431dfc26bb8d2121e8e9710c1d6d6,72.87855
2282af3cce68c677c449e5164e6312cb,53.988335
b3330d0f5eb265e0a739b808fbc99488,72.694275
e99d24aaca5d15841e5a7836b144a962,71.6719
f771a5c88afb09dc562936132712e2c8,60.898937
db6ca66120cc1361e92b56c0517574b0,110.27845
ec47f7cebf55a3db29525e3a64a87834,90.881294
90d000ea28bd1fe42a476320980c9189,86.299904
3e087e393c069b7c46233f5f7280d392,64.556595
828fae52d82ef561044e834a3471654a,100.507065
6c367cbaac40c972f8efb4710e1e5e61,59.99223
91218435566bbb51511dd3d655824397,64.213425
bef6022d3b6a28cdd5beddcde84c6bb9,61.013836
57f8d47123cd74908630c42e6a1abfb9,68.929405
9d244f45540b6af971ee93848bc3a4d3,60.786015
79476db2d2ff59123948ed4285e17747,74.40652
f48a26b72e180cb03993eea61384883e,93.822845
4b31f75b50d8a8ac342c36f5f7acf3e1,85.28187
c927acad33181f47fbe2086c76d0b926,96.77737
7a707ebca0bf03f636aa3b39ccf882a0,151.4475
82fbae9940ea7faadc28b0a5f0429c22,67.411285
4b62c72371889b3cb52d6028fa048057,71.73569
67ae0e8f01028c43edf27854be05b402,75.93967
7b2efce5197f82f25b95a136b5142093,53.171555
1154fcf6abbf5711551742b42e96dfea,56.10857
16568ac89ebd80c568f622b11cc35588,79.32619
59cd30e363004cee783c8199e6d0adf9,99.20683
d5ae4b0fea3363466bd790403ec2e7a2,87.307625
cd0de516ba9aed43611f633e31cc0641,78.87969
9cdf5467061c2ea84d90f51fca669a71,134.08267
32862a4c2bbc31d3665122ad951e8562,100.35503
261ff12c50e69e7ceb3d618cb56af59b,119.43883
7ad24253dd2e679d3d1f829c80712726,78.8319
af31dc5bc680e90466a68ff1a5d7e6f0,83.578186
c558b058f0ad8c375513d028a56fe106,55.55741
e1f7c390e512b4dbd348d1d760940438,70.242256
30dcd6b7b0206a83d0388dffe1bf2f94,81.4832
291643363e181ae2de8c28754ea83201,68.4906
84abf5c8f8c32bba320b8d284c0f2782,66.09247
576880fcf3f3928e8655eab63f786f80,96.36765
e317d337ecf7b2fea965fdecc096d5c6,77.02425
d1c921297dd10584d2300603eb8da299,73.69569
4125823b77dde3ab53c84c66c6be0ae8,57.690556
6a6ed3b466d201c08f561df2573a2001,88.133286
d51d8221bd611559310529896befc8c2,58.49467
248a91aa05b36000f9cd86023fbf0917,83.3659
419729d97a76f2befeb97733a63571ab,57.186165
ac7d4271939fc843c2ef5c468d2c1d99,72.154144
d239dcdb30b9e99c69e7fdb72d7d2fe2,55.124203
d310cd2b3c99fcd329a6b06238580fee,92.6799
a618d2e7bd909ba7f167a55965f65b4f,63.771915
f800adc543836d9c4c48ef9de7710767,60.809048
3d378235288666cb33cec890c3032765,79.07403
a3719132ce4e9345eedaebb21f0a438d,95.62279
cc92fe9a40019307965d73e847573c4f,50.042587
ec2d9c02817128871a5b1bd53ff7407b,71.10924
4fcbdd61194e6bfe7dd859415f43da58,49.12475
2b2a541e8cbd9490132f81219ad1bdef,59.282047
7152b9b6d5c19f56cb993a2746d9bcb8,66.348366
89d9ef7b4f10f0f8b8f4097bed64db2a,115.554344
4087915b831b29188e02d8a53c6d31b7,78.24915
334dd6d37fad062fa3fa577cda3eb127,85.273994
500465d9ebfbd8a81417cb16c1b7bc2c,110.488846
8268c68eafaf43f2eaaaf6bd2367a0e9,55.753693
ba3c8526004fed49d048b0acf09fdcde,52.69448
bcc59184d67ebddac84c7b7b8e57bd3f,51.7382
9dbb5d2394e2544d5b17f6222682a621,47.097843
b4521eba374d6cd0324884eb5aeb6faa,102.40709
cb85289474ae092cf3163549302c608b,140.09375
c0f4fb6ba11659ab8a6476cf61c7be32,66.25431
5deb4dc5c0ab80a9199e348d0b89259f,51.058796
454b256e132e3d4177049f6da5b7ee0f,63.868855
ff2429614e2bf0bb9b321a1c6024b2e4,95.25086
dafacd3c41af75b8636a8a481f7912c9,74.142586
1c060cf8b13cd41f2541b2d2bcb3a215,85.18837
4c8841951ad675c0f75b1c3e98451ecc,79.32794
3e29783e9cfcc4684c11398956f601f6,98.77983
69d7271a980260cfc85ec6ca7c20ffa6,59.5994
7ef6a33ada9e4b025cf77514a70f6a6a,106.98911
ac4978ebe14f6334e82f52ab462ac9ec,76.882195
efd9b15199aced4c7f4dedc171833c2a,171.31383
f42c70c1946a675c2de502708ac6cd16,63.68432
6998db42eb7b08e2dd6919b1be4c2b99,49.754932
17251dff3fef3afb7286845b62738a5d,82.8336
4e6fb353c66e7e0f36826ea8a63786cc,56.948257
afc59c4e72c2da3e763c953948f33237,56.916138
ed927512ce134e1b18c993873be97d49,64.63374
b1e1b6f1d0b48db6e238a524a5c3c5ab,50.181076
d7a54651f8bfda059fbe45fdbc7005b9,66.142624
84cb1a37b9af9ec87bb282a12f5a2e06,109.54604
c3cc809a0f75c67cf5ae401b95b8f2cb,62.283108
23d0f47a020d12a6d541add5c4f5d2d8,128.09154
0e9c17e35c22c27e51dd0ebc8dfce6f8,74.70696
7b82ae34b799b630e4d4883ca93d3223,78.54244
42fecdc5b13934fd6af5d3f96db3fa20,128.16678
ba633e469252cdfa657a744252fe2926,110.36135
84837c34867e345da9801688641a233a,78.539154
4e00c9d8255de11624c0d96dc73d09dd,61.50986
5539a349809418a1d9e94f1cfc4fae52,100.901924
f01b5416a46391319453bacce0addb03,58.66857
e9ebcf1cb3f24f8b419daf16314177b9,72.081635
9b1ce3b792cecc50dca1dced39210721,92.56867
d64a3e761be6f7f0f9cd98e59ff666bc,106.22958
38c3d256416573225b90ea09697a7337,62.76556
b5ce1b73f12bde917dfb7e641b51102a,99.63171
a9f641d0b779c7be5342cafdbda529d2,52.03497
5dfaff4e832febdd5236caaa9c865ba9,64.43958
707dc07dce04a056e7e7078e252c98c8,66.77131
477cceb3b33fb8bd0dd760120d14ee5b,76.06388
375b020fe4df0d86eb64bf2348903373,79.76391
c1882679711df06296eccc7584cd8b8f,79.429214
c80619d347ed0a48965fcb6d52952354,149.95961
aff70ff9eb677ae5b0e531e943a84e85,100.08253
6b302706d44839e2f3c3a4fb77b6a899,61.820988
f9cfbee8a063a413a52047b34eff1e09,121.24814
f2343d8947d3844af990906a1515cbaa,47.29572
f81fe5c31d2cb324e0f3dcfe427fe476,62.98905
40e96b8ae1a91171536eb39df45370ae,120.7719
17e72d3004742f2eb84083b42de688bd,58.91692
727105067a6ceb55b5310706db9cba6c,56.96226
0bf2b8da783570615c464c78fcf0ca3f,103.46614
72c97af6dfda8cb6821c92003293bf02,97.874245
b1f3778ed59f72abbcfbf558ba039beb,67.678
fdd4480023eacd0d2057b22695e86788,69.97038
71b25a4f1fdbdae9b871d2b8ce350d9e,79.446846
3b30daba63c804d106c36871d5131a7f,79.84226
82558788c76db31c03c185643dc9d2a3,55.2467
3770947519b3c5822986604caacc98b8,55.912056
1bac6311bf7b5dfeec658df9a87f8f67,46.275604
7482b208fc532a261a251e134d75a256,78.38665
4d7f28e2390f289f588ba04bf8439f9a,54.226067
7faf7cccd35e40732d0f7970d843f6fd,62.153957
6e11eeb99cd912fda5b666d9063ae5e8,56.897587
88f72fe56ef037485300ea1aa3cfcdbc,102.45456
4bd662dc3a9b385cec121104e53378b3,59.812054
8732262a26754639eca12d9e1b1a0abb,91.42107
4e96f3124e3a4eb9e75f59a7b12af156,67.2325
334e02e010e1afc6a2a0778b5b00497c,61.013836
616c64cdf051d77413d14fc9478a4386,121.22627
a1c24f326dfc0f29c7281a7372ff2bfb,64.57045
4055237c51d290d8ae6d402d55d0c3e1,106.370056
250af09a77fd4360cd35d20ea6ffe40d,75.420166
39629afee1762c961d7818ed6a3a9a59,52.55104
667708f477fad2705f50071023bac4ce,62.104225
f43da22c0865463c5f60291d26f6b38f,56.718113
4a7b7b2627a07a81d8f86ebb2c646746,73.74571
462196b516b1f364d5e5e68db15728ff,100.063805
796729b3f9d952e174ff78152671f152,130.40317
a6b796ba1db4fc801ec5fa56d956fab7,55.095272
4e34559a51dba37cf14a8633104dabb3,125.00967
f32ed1de0a20cbeac916b20e31129909,73.49585
1287b43050464fd47644e92b65cc8698,110.36635
34fd4567b0e6357449f0e55f3564dd4d,75.5324
c913de61d84eaf0bdc2c6cbace642cb0,89.792786
49d862ba3c7d04b3148d1ba1495add77,163.32387
c0a8a59bb0bb929c406f79d991bf0945,109.5228
b07e7010a948c3e7ba3e5a9ef75cb67c,96.52674
76d8413efa6ddfba3023b600ab69e2e1,105.59026
54577e71619cae8ba3d10c3419e9e221,62.18741
cb85df563e1e22562963c5eb732ac88d,53.679348
047f182e8b05c956062dc29dd4886408,66.103905
dadc1ec9d71d1fc7bb387f41de1fe62c,78.44639
7a3cd83d0baf63930836cfecc79b5fa2,68.63935
7c88daef7eab677ba58d5b2416206670,96.29308
243a536eb48c2e11c4523dff82f18aa0,51.513496
dfb84ce667e131df4d04ef1164e6551c,92.3718
2520b7588c0a7aea0b8c07e500f1adac,111.0052
d965e0dd48a0bf9a66d9e644c498fb5a,161.77393
d40963f3417f2dcc48d81c418f43ad9f,93.60275
46a2a67439999cfb21d1fbbd4b710b5c,67.27105
2a9c76277e48ab854b0f49221bb0813d,61.808056
7062f976e809b9359859f78c44630cf0,58.406258
39c884ef4d83c86738c4cb611af2ce54,94.62134
bdf17fd9d12612eb5413e82c3938420b,83.01076
d38dec5d2732fc63b010336ee52d9737,109.91065
dce98df76d507dcba9f242d87ca75982,75.63972
c2ff791d938544fda37acbc5f7474800,60.96998
564d26144ee5785ea195a4cad2d38e57,110.28396
c22454e112dcfae65a1e171c7fbcffe5,90.79829
7d97a4c86d210fd03b80c7f2609c255a,71.17558
1bb80a89596849eb7fbdac1878d757c8,67.587494
75863104d75ad638a33a73e977667919,91.67093
a47de2ea82035c16d93aed31dce51afc,111.16543
7ba4d39f36c132fa0b7f738245e6776b,94.047195
12bd15339b4ccfa3e72e5484a71cac06,79.6657
522f245ab1f97fd172ec50029a45841b,53.43186
125aa68a8f01b6b934b96674abd53148,67.45167
f4ab8915fc89e0ea4edeca2932c08a9f,79.79781
6a0d896b618a3faae23c9e97b951a143,78.79218
02ae22ccc5a3329dfa3fc0e032fc244a,65.76129
c398f2ba8a99f4eedb6b947511676151,107.43183
e0b0accf07804f78449922cbd4a0707c,64.809105
074be35325ce0b68ba68246056bb3f87,86.13773
3f367846fddd251d3799ac5465b73cd3,50.409058
756d9d93bb0e9831cc9fc31435d92b54,121.360344
6ab49e920d113fc7144bc56578daf48c,59.849827
95f7225269887ac26f96e5019e3a208d,78.16582
a255e2381b9a627098c1fbd9552a6a60,65.645546
d946d2fcd6ead5ae3b93b90a5fad49ec,97.01423
bf260d3c7726f560c18aa11957fbce44,88.894905
a6f49313b70c55741fd873d58bebb6eb,88.142944
1871df0c7918b6076763e1d975708d97,70.705795
4956706aa182719e88accd833d2984ae,129.61578
63ed0a09a45bbd6e352d80d167e23dfd,71.18438
88f257ed92e8e9c92e4bf37895515e1c,99.124466
a8f07136d11ff8d9e8452cb64397656d,66.80409
faf5dd2438674b7846a9720f90073b1e,65.26078
8e770a638e8e692926876692059bd111,77.48721
062cd63ecf6d437a4e31abc50d9ee19a,79.68249
7cc0b56f332b95e77942f1ddb8e37a81,85.616486
4c9881d7b3765d00d5d2fc1afc2373bc,77.97647
bb466f97743c7161d0e5068caa4b606c,72.2528
09e7e2f2eaab5eeedb21518eb0e92cfa,64.80543
b5d9d5ce376d7a55a0a61f3e3a9cb95e,114.853004
06c10a3fd80d8343310951b9c8f65bd0,75.047516
3b4db892eea04e0d1fe0e058cd9e4f35,62.805832
94f58e7edb95075e8abd360ebfb39756,70.42233
1e2953d7cb438a63680e370c2eacda08,116.16016
7036478d8bc6da538d6876fd467ae7ab,126.40603
41ca0bc7ef899493b1161363d946019f,87.32161
bf6690b680a3e11a297f50a68882bc03,131.55617
9860cf8360afdf6d28929537e75b070e,80.48995
dc96ae1d4047887789b4d1b0ee109240,70.24636
4f521e0aab8c547bb11f1d211797817b,61.75931
5cb6285dee9fa061cec61e349040db1f,61.259552
8746f53667105725fe05da0d0913ec9b,79.11417
04b4064619a8763d430e9935ebb1b8a2,64.80928
8408cbf9f7495a729227722f37cfe930,77.380516
8406ab8fe70734c75553c0083ee10402,78.00202
9744e2f068939d962739cf207a4c9118,69.32882
b2de763310b0dffb500db2b5ec41a504,100.15686
25d79e6b7368ff6ed47874a124f875ae,99.698364
d537e138f8493e413c6627b9d28c3e67,87.31987
e221e71a872d873ee59e432ea08dd3ee,80.79753
9f07e579886120be864f50fa90a52555,55.2467
844997a2a7299d6979a6f50008ee1151,50.23722
c98d756353f5847c59e151f2b3fb26d4,51.058796
348bbe2d213941378dd757d99c94dedb,92.46159
df1a7665ce19a3963d4afa0d81e449a4,58.317295
b6f88d0be95b0a3f1128121ac3e0d0ce,125.35861
efb46762d4893143ce62097b2fec7b2b,73.347015
0f3ba172dc1bba98411712bdfc70a2b8,81.34784
819561d8091f072264983a740ef24b3c,58.139633
5481c1d3df1c80721e8ac2e5def624a2,64.38092
cdf96a8eaf3027cfb5f33c21fcf48453,130.26976
910c94095197eeb0e513afacc472bef2,105.080826
21515e4f65fa3837e91176adb31fd756,81.8261
a00db061c605cc0322171c8012460125,81.94459
eab5ae524c76161ab08e9e2ffdc1e841,50.181076
d7213e8c2a68f442b71226c51de42c40,55.797073
e2fd7173bc1285469b94415aa804e5be,85.35098
314a627d0126ee91d263fcd0096dbaa7,62.40152
976ce3caa4f9d6edb287cf190e4b3d8a,78.684845
d4255efc65c17d180636bd15417d6413,65.83864
8afde18a8dc7b5df9a30d55efba51efd,64.33897
37df7f56237055f5019e3980818a75f5,60.74566
6aa5711bc37f5aa412411ce64d3dd21c,62.292675
c9a0f7ac9248ac93b6002940557fa1ec,63.76251
6458ea68ffda8c4020ed20b00c69ab1c,113.85395
f3d5b59473e197125a792ab70c5c90b6,52.461296
cab329e67dc3926c214bce47c0bd0832,113.02121
6ba7130168ec1401107822b480d59d6f,60.804478
2b87b2c0c117b28042775798ccb87cff,75.43934
533de1ee30b7bcf8167ccfc9c7b93d1a,60.240757
8eafa883a0134530e6efe9a595e26a8b,83.77051
e83d5847d7640f018a08f1dba421c511,59.069008
8915e451e04adb75c32384681e28b99b,88.02862
e300a8bf60b83751673b75cb97aff801,125.41863
0be92484991a5258f07fb5e38e2233f8,70.71342
c38a89489c40aeb6b14b3d843491fd97,68.3349
e932f0a4149acfd184bce891c4b3b888,93.58615
09d109e7d370821cfa07112f80a64f68,124.02937
e5bdddc1346ce55db3759b9c4edea24e,121.174934
150f4d1c159775aeff4fe5362c56abf5,91.31414
775574e1e336fb3efe12cfcf232cfb3d,53.73417
e28c215be22df051f3842858bd355fe5,44.67155
39502f2952c3fa36eccf5d20afe93d05,79.32619
4f5f5b6dce1d600485c4b7826af4f930,134.57693
3bc4e5c34dc322036246d95173e8c32a,57.453083
05889e98db76081e60a258c9d10a14c2,56.12416
6dae6ab972a2d4e3909093435760967a,154.84389
075d2d4c4473d36a3f333d2d7be09cf9,66.848175
cc4d8822d5934139b311df7d0e8d18be,63.931534
5227d3c5d35e0ba15fe68c34e2bc0317,68.50183
15b20cc23f8f030c18f940cb1c870ff7,93.98004
7e41499170818e6e2f0c007145a5bc39,76.472305
d1d89cfbd4d7f02ffc57cae39ba7c7af,82.0741
ffb5426737655689d59b6bdf92003b77,113.05301
e6beb6b1f324cd4038824d62309f6a20,66.68745
05d0644968f3ecf4271000ef66bec79b,59.78595
2636c8be3c0c06443e51781bef24ded4,61.259552
1200b75473c1a3896947dc2297bd5674,79.76391
b8069fb2087948cee200006db2b90a3e,52.586002
ca84516cf0c44fbbd0ecd7c6f66e192c,112.76376
8b73c89f8acaacb1f80a6dbc0d7292ef,84.868324
b6d089f56d29a01888000a05dccdac01,72.76638
ecd12dc7c00a0e72d3eb4b85ead28df1,46.24214
800238cb00fc8982e5801a4b1fb068f7,99.356384
64941a7c59fb03792732ad255c00692e,65.67968
a125c93c5e2b7324da5dcf5a65bb3956,51.670128
822c8f530fda05cc90e63a2197e413c6,95.12432
dc40e82e54cfa8d64dcd4148af5cb12b,61.736225
dc763a8e25d2343c6fb279905cfc40ee,75.719475
b26aa01faea5d28b47f35cf76c4f3148,73.33495
dbdf861759d6f23a91197681619d0b0e,53.55131
c05ddcd1527d5676685197f57fff2324,99.28274
eb00b903b1150f7e5e2c4c50a83b4ebf,48.582504
a1ea9b2549a8f8b67ababa139fbf9a5b,54.939346
90315a902be07c8355b3b29c43d4af0c,72.0819
e02be6349c215e335c0f92bc05431c53,99.0147
ef674f8fd2637753b1465437f47a3cd0,74.61656
8b02520a70b12694a410bef70bc6bfa4,73.680984
a6e5bebafcf6940e9d57d041d78686f7,83.1433
e5e928f447322c330851bae5ea7825c7,86.66475
30750fa099298ebf5a00e20ade7e3240,81.451195
546169804e6cdd3aa6d48add96e7bc2e,68.949486
0fe7755ccc3c686edf3a83add8750254,69.677444
d68a20e30e03cedaa119e21f874e8b89,75.48919
d720a49a4cb0c50d5c24fce63c4f45c8,58.82493
390b02b87a900e7a991565e148512225,96.42258
fdbb8189a8176d0e36a77b4c7ad38899,75.449165
110bb46fb9841250e8df82e48500a738,63.731136
3dc345c3e5a4a4e092966769e7ca2c3c,47.963043
958791f3ae29e63069bf1e2ff3cae812,81.639305
604f36030e755f16702260948c2b38b4,54.53648
41b49df3212202684e621f6a7dc047b4,92.93364
319f51f284482ca0c3d10251aded9b40,66.07605
7ae4db0c0980dd2cadd067e338b62fa2,68.2161
c64a081585078ab7e3a14c69cec58549,122.783875
7fef11995dfee2e8b75c9df8b33cb22c,108.06824
1c265033e2f09e21ee6f3cdca71a8714,54.478703
3b7adee39fa6ea4944dfa6d0af8b7215,63.383934
ce642a38c0bd807f126afe18e1e4ec2c,64.6619
e77cec3bc7e8931246a1ddd81050ca54,71.16368
16721cdb66518a6d696b8f08b782a39e,78.65912
037a754c616b706da282d29e49ea37e8,97.05106
8bd961e4ca15b2c882aa58def1bc69d6,92.2309
a06e8654639e72e169fd86e76203b2cd,87.92021
32c006507b32b55502d8539f15bd1b40,79.778595
72457135c1028a0c0320ec5d2782b461,115.60996
5b8a38a8795d13d2313b234c7407de84,65.30884
a4a41c75b0dbefab16cba2d7f0651b9d,64.60741
e3799f94f14f3bdd4364a7162983459a,66.44459
0207ddc613e1ca95c256f8d7cde143c9,62.20982
440871d3ae966c1486f36005e07944d2,58.546688
0f7ff92be7497251973379d25d17faf9,54.580784
d8294313ca97208f1b2534789e9ad5b2,61.61652
97dcd02bfea781aa50de3b3dbe642f39,99.20357
e8aebcfd9e2ab6ba2d96c29cd19a9e25,100.53206
d5bdb444a3863f88cf8cfe35019e6107,190.84146
93d30249cf385540ec47df8624062684,105.43036
9c0b995d34d7f9a1ba8ce3377b8598bb,99.95137
31ee000b3bb22a6eade3aa61592ecfc3,76.472305
e786c913118e750670f5257994a8b1fc,57.583874
3cd9c8f7cb0677474a2b2f6383369985,75.43349
1852b21f3aa272ecd29a68191fdae215,88.23055
16b89da5d30a63a760688f686f33c5db,59.334538
ad3ee520284ad960aaedbe7ed2bd7c28,76.76096
b855f7b6884063cc9d58ec433a6c21bd,64.64375
d1c069d3e1eba2406cb77378055dd59d,103.34956
3176345959e89555fd9b317e2f5f62e1,58.00138
29bf918d93636f18ad0c2112f95386be,67.84928
c8f1d4d41e4430cfa62fcb5c8171f58d,110.157364
5fd20289985c135a40b06ba804792f06,64.556595
dfb6894dba2c51d828f92ac40c82ea13,44.688416
f36cb1987e0eb80e05c5c62bf07d2d67,74.179
ed3be5d552af70e9759a9187758ca208,59.812054
4af90091a2f9ffe0a1956b3f610e6dc3,98.89311
5945c19f97a7ebb3704643103e9af0df,78.53441
70d600f4481eefd5d61cf55a5d8bc078,96.73643
86701f032fc6e009741929187896dd76,61.457527
41e30debcae2d5e18ab901a91afbe55a,108.30053
5df3b5d06f05f320fcfc0426f34a07bc,59.79055
15a3bcb398527e93ca0e897499c87356,86.692795
401885b2ff8c0e19a5e32cb1f28f8b45,63.91206
ae79bd82a3052cf05a781ed3915e31cb,85.85552
73d6dab6189c8c542b3b8bf6a1f21c2b,65.95592
3ecb4573f136be90c6fe3a13e037d615,64.42961
01f14c8ccad5abaadf6b7034bd92eb09,78.55237
d813e33fefd613220a40f83d6f0fbfbe,84.45405
35ccc644297635efeff9bfa2a163d283,86.711174
a1539df98107c7df914ae2d77cd616c3,72.07231
c7aa66d4c80687dcc36d5cb1e1543c88,53.110607
7393fc5ca6ff454dae0e44729930c244,119.42417
100687714ba3e6443257f1beea34ae97,88.39469
9b118306bd23653ee2880411d98568e5,62.656578
62e898ef8f974fb105a4fb64dde30f21,49.506004
2560b93afbb35fc3cb1d1e4f28ea4364,72.9796
c6c2ead0d070526c03dd79d4c857c186,86.77399
a6393dce402d92faab271a353f707395,70.63618
0957a502f5480ad8fbd6be2de4106c6e,91.53923
7f52fdf9c9d5d7f142797f680a0e9e67,85.97779
b9dc818db1277ab09adc1775afe43a4e,77.15685
bab5cf030c5d261017ae41efc370b4f1,61.35087
94742139fca92cc8441c715c1f827a8b,61.928368
f8792ad7e3ac2b1fed416311365541dd,85.77777
5bc194649fa3aea5091def1b4caa5831,88.327774
5f60117578565c33bb53aabf95180fcc,101.51337
6c19b980c37af60f19930b838b384a57,142.45369
2991114ee17844c3feb7fe91204d739c,91.79281
fba026fbd0bfae69d06bd23460a7503b,46.49415
bc04ddcfe51bc4c021b55d0c79c21429,138.63884
41b741d235b208f0c7eec3cedabe8334,59.03526
a707926dd1a5975fa0569b6223d0a48c,48.26977
c12779fd92a33f0a6bf407b5cecf5f59,49.256737
52ed9432e774dfc0e7772ba137a245cd,68.175835
bb82852e49fae0dfb251de056a4153f5,63.27067
40e26b2de625b6cc5803726a9fbd6db7,137.82625
70fe4408f70942e5b78fceb6a24e2e34,57.0014
a752a58435f7a3a46c81138470746c05,67.65578
138640e3634136c251f8a20e1aa18bb7,91.1793
f2bfa4cbba6803bd54c9ea1c0ffbafd5,56.20715
210d8fca3599a6e1e3123a40fe58eb6d,55.56424
751dbd8017615c4b5c440971fc6eac2b,102.84573
391fad54babb8e2e84202e066c88baf5,62.104225
6a940e3e90f9f63fec37eea07b6c0daf,78.36653
ca09677a2c77fc0002673a8608894beb,88.63576
a36704e21afe30b05e07d4934d91203e,64.883934
04bfa6cc22fd72be03f3e7b71ae235e0,74.363075
3efb698369dd52d14a999d137a5dd63d,71.66322
042cc9aa11d6b60d2f8436d59999667a,58.08044
8ea536626ba28213eb00b5b94814131e,84.74668
933a74f648efe9eff4b30c5077841035,65.31992
fb21ea4c3d70535bbd0f2f772407525f,50.44873
a4d4f632a7fc3d33768eb3349de4054b,78.23913
d06d30ec755c8a58cc0770afb0870491,88.47639
4fa7701c1a495480895e57029f7969ff,82.82029
23dad6821452dad72adc264d35a92011,96.78448
d8725318be66a0c7dd4ea7734c7ec99d,62.726326
dd5ba2dc94cf09f675166709d452384e,60.922718
e3c208aa9b74b93051855d183971b1f9,67.95347
a4892430f0b23c36962dab5d3cd24249,80.0357
f770a79d515dd6cf8962722467c48f5f,90.66871
bfd6360687c7f1751d7cd1016f99dd73,68.851746
4835828fb82263c6fe23a16bab8f08b9,75.51766
b9ded604e33a583d15b14145a13c7d3e,66.38498
c3d95a59644abd8ba615cc155c93bcc1,92.65924
e59ad1471617eef165c272bec4d21667,76.74152
04564615f678568594ec78476065a758,56.5294
cc0f6699c9c05a483abd2baf35c3585c,70.85486
a7e015803fa901fab708ac2d2058a252,81.77674
b6bc620e62976b5b6c15317ee50eecc6,74.79298
a0ee4d68615fda0c3210ad4f04e7b7ac,96.95845
875841a60067ab7ba05af35b9678b304,86.64066
4131941e84aabfd2fb45afea86dcaa7b,88.530716
c326375c63b7a28cbc6baa1ecc41301b,136.3226
a5ca101f93b32a306e9b4f7057075d46,159.4993
62afaf2caabb12acee9451e136e31ae0,76.39912
063cd5737fbc1f89fea4e7a179809029,92.085396
0d85030192b5a182497fb920cde52fd5,82.32874
d82145f35b566bf6f1636dd86dee86ae,136.94252
da6f3075e01e52e6e1ed013a6366fc98,68.138725
84560975ac766e5f94cc976781bbe490,75.04686
1889a3e5929525eddf3397b24555a1fc,63.930138
2c1d70923a7aa4c5ed3350640d80cabc,82.23938
50abefc815cae66d7f5f966f1b189c20,69.313896
a3961ee889cabd370c6d0bd423accd18,82.52111
b3b9759fac4adbe3ecae3c31db4c4f91,59.67131
0fbf88d18a085912857e0f9270b2471e,88.02563
83b02ed708febc2ca2802a7e553a8866,109.805435
669b0209a6555e1999b9d7fcfb05a3f0,61.99754
78f8009702d808c6ca11a0944ac9c3e6,98.111694
80937ad4e505f717e798d0e1b92e2a64,96.94023
013969436eb1341621565ad15be130b1,68.73927
036be9a7bbdb744692cbddb7ac3e7d27,86.01463
13894c75d506ea36296faa88574ba15b,91.97864
63eb5a7aa867ebe73ce3078ada7de707,57.269386
e8cd9fcd215a1dd1fab33e21e86a76b9,75.36807
d6fa3213b78758a5ea01d1cf3648a222,58.341198
3858595ab2b3ecc3d4e3305bb4a92c95,94.44744
ba5e99e2ed33f507da6d463f785998a6,66.228325
ac37563fb80078e6acd1ada4b208641f,83.276924
095fae391d165ff43aaf1df17c630358,66.607445
e7b1438a51cff35ff53a9574465dbb6c,68.635475
ae805a5293d6a0a08907ecc9a043ea4f,95.62279
a129d8fbfbeb065ed47a56af1868e9f3,49.959145
e12e6a697634fd5b6b18514ed5125d5e,88.10587
7d5622860392d59883d905a81441056e,122.53377
4e9ec3caff1223257b75f78b9483364e,72.52284
5343038a852f2e388149443b735ff5fb,74.25939
49b87176ed6309cb3512af59998744ac,80.246635
52a5da88b7693ea11a9ec6423c302726,48.51808
d0a0db509ca82710f97588989a4926a4,50.5581
8e445068b52024d327f396451523e6b3,123.27875
b4677552ea18d9f0b172e931c0e8e9b0,129.11293
b1bc05b5ac963200a4b08498f7320e24,64.728195
20a34ed321c8de20f4ca302dcc0830d0,63.772697
5f5e8623070d4925a9adefb5e5e743ff,112.539444
973a998087f5aa9bd405a2b6adcde2fb,74.9759
947e177d132ecf3236e671cf4a21bf05,69.64321
d2a30ce20930d18b0f692907d5a1e364,88.59731
e04c785a5d550c2569cb67adfd65aef2,59.723793
ecb929d108ac98afbf01df34bfe48599,66.97033
fcb08b3aeb970215cbeb0dd337786e15,72.88698
a1629e5f4e2d0a44e143bf76ae9552d6,106.35328
f49af5344f52c79cb604e812ce13045d,107.00872
0ba5b71c8abb65aa504d883ad7da012d,169.4525
77d96ad48f945e9825c6760f692b3631,89.69689
ba55eeb4a488cf3b0fb0e91dc32b8c63,82.998436
8b38828c5fdd8476dbf794495ade67e4,66.607445
d431147a3a3ab99f9426bf4fe17799c6,64.55233
5605d14386e6e0316086aaf29773d05a,83.579216
44412dab05f1590f48770b017353467f,48.668182
3ffb0849d0e5794bc82e193164b6ba9b,98.128174
471f47245001ed6dcaa21562791a85c9,134.2364
402748677bf4cc45b0eb588a67f94552,83.90773
4576f8be2a744a2ff869b15fdba4b2e9,59.645294
12a4c9136f87c34f7b041d139176b62c,64.213425
5be15b7874983d0e4aac96a950d4ecf3,97.46195
6070afd20ce7e985011ee81d2b1fa81b,100.44598
31bc1f819f140e4b9718959059942552,81.9794
e1e06fa4b4457c30fb3664a0879854a6,79.180725
21c49476378979b697dea7254a2c2c4b,122.67784
ce829097aab36638e24726c8ff0b2b01,57.6853
069a27d99b90c31e7cefa1e5e6661b46,71.03727
9d880fa3d8b78388f76c69e53478cbbb,80.47449
7ba039077e4ada3e97c58d3dc522a7a6,74.71639
4eed3cb317912da4ab0bb4eae4c42d8d,104.794334
7cca0fcd1cfb4f6da6b259f2aa200623,104.20776
e72ff7085cc5b80572e8c2fdd4862c24,73.61417
8a7b8131a1c361920f9e1730775c766f,88.568886
fb5cd3c3ebc30266deb2a395612b966e,93.42285
bc7dfc28329840d0fff5f229c1f059c4,88.866455
d207908901c6a49e5595ebd28976644d,69.13066
fb8fc077c3f51cb9f85a961c84abbdf3,84.004875
ae1392df8286ec37085b464f88a502bc,76.87757
7ec9e7594fb059832a089ac0ced46ca4,73.90241
d170995c3cd3ad1fca89868a0cc981f9,64.369064
9fc64c393d13ebc5f51e8ed7d0adf2c0,46.633614
41297e95f1745d6ef40dca2f88d8b88f,76.953766
ac0cb6e9a3989f191fe25c81ac8b7143,62.710903
cfdc9ef0c30d749db9da663ef925b70f,63.437607
59259dfb3a7d82d79b2c6f7861be64c6,95.15083
3b1fce8fa983ae9743ccbed0d7cfe3da,70.99572
ecbce93d6f2b40a4b7c68ae7aedfd0d1,168.2259
ef223e2a2eefa18be8290ecfadcf690f,78.87969
076ffff888d2480522fffcc0bad14ccc,62.788975
faff57acc9c9c2b08448ed69350e1d64,71.77513
2c9d517002c24768e6b6ade1a536186e,68.17381
d87718632d961d4cf32d8efb7b0b367f,74.95322
d7ac6867c912d982c53544e61284c3e6,113.75254
513107d2fc514e4294815ae6a1c0322b,103.06315
103ce2347f22aafb13f255c278cade97,73.81532
29dc02af3960720612f8be16603a9652,56.467922
bebbdb98a81fb9ef76af02d7017ac6a6,86.800156
8c9c8133866687d6ea7248bc999fccfc,95.622734
9734b09766bd0bcf1edb22a9a0ccc594,97.62101
d3e14392abaeba122eac0a63ece1da55,80.97735
72161b6c6492cad870902d63fee5505c,117.59738
cadd52de8ad4d62e721de926358957e9,96.04445
6c21fe33f18a0680572de188e88bde25,75.41147
1c8efd164200bd03c034fe8870887b2c,67.95774
4890af337fa8b56b61faed8a92d039ff,138.93652
b8fb4aac25230041b3da09b1c8f35956,54.91512
8a4e96ca9b8e828417a48fec26b3d34a,71.83019
5d50f90a630af3f3b59036a2bb359915,112.11013
6d2171d54c21240db2ba5200bccb1807,71.77798
47099653730fb1b76537fc10ad876255,127.08115
883134d111edabf4bc9f28d065ff0347,103.89896
3cc6163fde7e4c68323fa2300b8a6ba3,99.78274
fcb06bb2043d124484d178c0c87a5965,79.42854
90452f45ad36bf5d3271c40e0a89ddc2,79.32619
0a9f258dca09a92d50b57a6254552bb6,121.22627
7a8b7633cccd004ae364565cb4ed25a7,124.0248
1a8e75433fd4f5348c9e840eb24e5f88,67.95774
50397886a598831d49fb7eab5dd71557,157.81516
d6ae3d19e8833660244798697663c35a,72.495735
df8fdff118954f4dae5bad82bca62717,84.587494
2381df57bd0a15f19e270be72590f459,77.069016
260ad2d9683ae9724d7b8e1f3064e894,80.55887
6a47aa00fa2ad649812e4a4ae8599c1b,77.14335
76f4cdec89bd556bcbfa8dcb6608cfa9,91.01715
ae6c5ca6189a527784fa5e3efedef6c3,97.81587
c072c7d47d45e11e7f6bc050bc340ee1,89.4838
15a4a73f7dc729a143d76a5c29a2fc5d,64.40527
8dc0febcfdb32aa34789fc190383175f,88.39469
85942eaec9fcce1bc1675055bc2bce68,84.669426
4f597d604a821a65d44e8e57d2f907ae,66.11857
0c2d71097624abc6ae88d52d8d0f7db0,65.42632
e6e2162ec380b498b359bc1a6d3fe7de,104.49085
588f6217b6ed07ddad056d84d7822531,132.06009
24d3c77a3a16a2d9fd455e0c64b0726a,79.21468
483d1b1693c360c3509a26fc3d331720,67.33185
d23c99b481c36d47df16b10478c888cc,73.82714
cda45b15342cbdd5ae1340c382370668,99.88542
0bfcbb446ace08e1d9c5875db667f36c,50.181076
250b6223a84ff3c5d991af37c9557406,99.67968
4c30c1cc998453cf813f78aa7ce703f3,85.687614
338abcc743c8cb571725551675b3bd85,74.17498
5e448b8dfdca3fd8d4db3cffcdef3f66,78.708984
480c48e01fcd14cf579672e858ff09d5,53.238903
534af5c2c56f13f77c4e2a1e4fc7c04f,93.59103
a798674059400cb499d2a69206e0eed4,87.942215
e22048c847b228746919f7eb95262268,89.27541
d8c61f436e93689f369109cc4e34ec49,55.33394
ac39bdf121aa3ea95ef65b2dcb5dbe59,59.645294
f6a2a491df36ae17341676cf93cbea10,53.377003
bc1d4106278d1e57dd1bb0791984e8e1,181.06183
e79423ec4337b069a048e30708371323,93.63498
89d059de10982aff982f39494a94b57e,76.74152
3ab205354c27f7c8dc59df0f4915bd82,91.97666
e3038ce28bacd28316fe63adc5b61a39,107.33505
8bfe5c46f58d7b338ceb47206592b831,79.47815
1cb0cf105d6744ab92b2cd9b7d29c41b,72.69251
5117173eb1f134dfa3e83c340ede5e7e,44.601006
b326283fe27d258ffc1d998d6a0197ec,62.214153
0536904a4b903acd090a99de02be1e6d,100.15177
07c13c6c7ab60a2bf027cc23aa87e047,51.738647
1f90b66f885f47f7f64ab631180cbdb0,71.37962
a431f8f887fb248a76e943a622a93afd,74.92834
eb20501f053450e880958bf4fe8b3923,83.91296
2644cfc94b1112b13d6900d01d0de1eb,103.32314
b321d542d1950fa70cfd53864567f915,82.72376
dd761d8e8f3f4a5d3bb6d3c2acf84a8a,72.34282
34a8fe90a63a74d3a8b231ba8bbe015d,86.678
49dfa4f6a4d5d017c4eb274d5773b955,77.67323
1b1d40de22d5a470c7f99fb5d222c73e,77.34553
5b7a9cffef4789bae7db6c64c20a6e21,82.51909
43992a34625d97cf8946d3da5eb905e6,90.45061
09f7833690058e7063beddc9b0d54c00,68.864235
301d5a1956b4c6799f07416e419e1c9f,52.87502
f9a56640b663fcb490da7fda68eb46e8,95.62279
464aad4b7f0600ac8cd5c644e15ee6ab,75.292564
518a2627a8f3621bb5de425061813b86,74.983154
e3db1a022536d161ec53186053b1d372,135.28368
00b2105a5bdcf5a556dffeada72353cb,76.28099
8fc65dd2ad861b2cb7d513ac9152a8e7,59.207157
351ebe02fb189cd6f38f93f5f23b1837,52.99438
6524fba0a126c5967e4db44221b02fc5,97.023186
08e7fd4ac8c1dcf5aa53fc4af3df0f81,82.606155
9335013c994eb312883d9a62f2d5fdc7,62.066006
58ef7061ed6b781a1a0224f2bd90fd64,46.578247
0985de9f2faf5242c7723be9b16010b2,125.12154
dd5196b08f552b14e98c594e45cda064,63.140873
a9c89ea6e17dae73a13787d546b0e2e6,53.424435
88c21c12c99b48a02b1ffda4a5b7bdd7,63.519604
e41033690259d1e8821a76289bb55168,115.554344
99b682f56d6d9237f839923f93140011,74.50349
dc2c831031f8ed780026ec89a280edf8,56.683323
c11edf336bdf760b0ce031a23b0e4bbd,72.34392
01e1cb289fdbc9c538c06a15c4de0431,121.00541
304954a7c4bf950663d7c8f884b19ec5,122.09197
50a910f30c40ccd5ad17232305ac0e0b,52.03497
b13c2fd0ac378985e85f69598074c125,72.05164
dfd873b3f81b3dba356fc7a33a698ddf,53.988335
b1cd1991d176bf608ff6f2c0066090f6,69.38494
05a073b385250664cc1be7bf3481f2a6,70.4631
2cfbd9fbf527a0c099c0d9f8b26ff1fb,86.77781
f6064d2efc2871525b07fa5078c40ecf,83.54359
deb6bee4d52e1e68ec69f3cda3ea1dc8,58.055363
c6d11f9475e2ec6dc67c06077af57169,90.66871
442c2f9eea191cc75fbbe32c2c80b8c3,79.82788
b77a57476d37e56886597b988acbd98e,62.54107
6a607e5a6ccec2fe057b7fe4d91f8dc9,58.139633
171add4182658ef21b179072748d27d5,117.72029
84241bfa73c1b9543ebbc421e115398d,82.607895
8bf1a2005ef1302b69f691e93a8d268d,76.28224
02ec9e9f6ba1d9a974085abb65447db0,135.12851
d2440d48d6874e8fb1a2e6a4fc5e3ffa,68.81801
17b7f1a226f7c2ec489c515f22188437,102.71281
ba5f1264ef0c31abd1ac0798e89fe92f,56.2058
d1a79a374cf218beb2c55da94b036b2d,77.25581
3d8b6549717e8783c3a742ca8ed948be,71.60205
6547f9bd34e504439861bead6ff758da,92.87994
9a0fd2226df72cbdef4fdf746d5cbdd1,74.216805
9c6d83773bc0bace9c3152bb09c45bee,65.30884
298934540d0cdf2ea45e107f599c78f5,77.49815
9f079dfd72ae0ac798ab4fde1ff7c5dd,44.317623
fb44542b54ac5cd0cd22d85531a52824,60.456364
7e4856caac7bd55549b6148cbf1749ab,70.934044
7d9ebca37c98b772bd26235a22b7bf57,97.32653
967356f64354b779ee5eb47e3ac4d6d9,56.48155
fd98e1db2e003823b98e44ab4493c646,70.64124
c036f92a8edd9d057b57506459589473,69.069115
afed17b48e2276e0fd5a0c967bbdf9cf,78.04885
fd7c1e57cb70fe0e0f0564587601b59c,170.42752
fafb477fafdf7181349a67b09b993a57,77.41329
dc9d62c8b69700b1038c9ed0dbf7966e,60.596455
4e751d74c8ba68a5bdf17d087789d663,95.26776
10e8acfe84da72bca1f2901bcb77e0a0,88.403725
f8a024a4c0603e47c2125c970b3068c8,84.4273
640b03fac6685bca61cf31374dd55dc2,60.308537
b98f25f0461ace16a1f157777f0dc87a,65.88303
2fb490a1ff96c620d28ffcf188a97e36,59.71266
f32681357b44e0412703149e95d6e375,109.70031
2166c53ae8e42d58ad868e6177b275ca,90.66871
3580d4b4e832b528e0cc4a84e6eadb65,71.69158
bf09d8abe80deab6835c80aec5b7e0f5,81.57284
834afa0ad62955532a0e43b85b0c54bb,98.12718
6cc31827fdf71536e1b46f57b27ea92a,62.669334
f800c3b4a78428895ff200087fe0c15b,60.200512
55f6d9fcf922da9ac75879a36b75cc5c,52.42586
9fa5da5335aca5d5682cfaa986db6eeb,72.13481
fbec75cdfa631659782dd1ee771a9a21,93.481346
dfb45424df76882159ae8e79c145262c,117.164085
ce1df5f266949ff6960a4e629f5e0929,88.103676
69cad204e60f321053f9bc2a504f1780,56.568874
9c1f691cf8818e6d0b724dfb36e74883,97.38858
aeffeabd92b032164ce0c8b36cedbaf4,65.888695
b68ebb93d44f7eb0d53a7cd98186d1ce,78.209984
ab1433010e450de12baae458a11cf764,159.97841
32a7811457f1ba4390ea83099d5acc93,63.370277
0956e6386eccf1619de913e44154ff70,70.694374
9c93a3d169b0e4ee509adfa0274f05a2,62.568645
eb33a935712c1a0ca6646b2d89733ea2,51.036423
c816d4d0ba35831d250372ccbdc74b2d,65.17645
dda519bdcd220015e8389ebc9e8f26a1,63.85188
e4e0fff84550efac12ec4eaf428d5f59,81.80002
51569bf93eb8316fb28a50de4ee51604,136.31494
413e0dd8bbe50a8d6be0790a93b4e76a,84.40987
62b5a0a0c6aad342a21afa0ea7cbb64b,74.67682
7b45c916108096327a9c8c764866a5ff,92.87131
fee6d2396b48efb4b5fd66fe0c5d37bd,113.868324
2a85880819567015d0e3990f0b814ab6,80.29329
a1aee7e27674c000742d21e9ad8f6cec,55.30694
df6a6ff043735b64bb82ba0e3260b0c2,82.31471
c8e3c40897ee01e594890372e070c92f,73.865395
5c37578f428fa989b75bdcd20054ce62,67.73729
47e797139b27480bd4522d69253681de,87.1938
6465b1f211709d39bc472356df3c7aa6,88.00763
b6b1c81be29b6be9117c36a6ad1ec01d,139.45576
fb80ab7fdf70d69c7afcc7a3c6816a40,79.55913
31ef8d2cfdb31a2a81156445c0bb8faf,64.08266
b0d66ff484cd8f5dc8653f8c6e8e8600,68.026054
9ac64570e2400fa25db440698fe0557e,74.41272
6c1e85cb5645bff0c4e151e684d79d5f,87.275154
6f3ea51237969d4b7810fe756700cdcd,98.16546
10407934c59d3db97345f2a75c2b9d72,37.568825
6b758aeb3bcdfbfd9d92d0cef41b7f05,70.86028
1e4dee201f3523f01e679c37ac6857df,78.0593
8ddfa31d45ab560fa8923727de55fb60,118.29178
b5dd1ff310c53e42aa22b9e6d4d2f98d,66.67986
fc3e918649b10817c4b68b912db6b3d4,60.168816
7b89177fa517b753a53f43acd265703c,82.60371
1fc71b49e1d0619702b2a4b901bd9950,60.345665
410ec4df85ec74856d43e8905f94b043,95.21718
ff73e055ad479b1c1de614bdee0de34b,86.60179
9f7fba2c246a640abe2466c422c88a33,82.90279
b8dcc4d1e70e0058ff28165ab83843c3,89.73562
07c62a5e700dfdf097debc114c293f40,72.102844
608b43784ed0d7cb8649b84a8cbf65f5,100.901924
e3363f3a7989f70e21291b8dd9236b16,77.86166
be727d73b5f666300cb52d3963516579,88.32893
88883caa72d4f6addce87d76ede51a02,103.18172
06a1ba38b458209d865c81925d07bb3a,68.03673
a4d935290c1bbcb0b2527e3a4af43f95,75.282616
cd4b29e7f720a9dba4c99777c8f87b20,62.33937
b24270fdf317fa2517921ac24da32403,78.84303
c33f39d658d7c078cb9d93edf6a8fc25,74.700935
6afe3288d50f6b61c99dbcd5d7f3eec1,74.85629
ee8760d7040b24a55a503e3fbed6fadc,55.02155
c23f1a220a613bfe1071f51b259dc265,58.54727
f853ff1edfe580495f9519b1d9a7f015,54.365936
04439602c73ccd1c610f9d7610876fca,118.35735
62c649b7ef98c6671a1486d331200094,108.16286
5d2501a5e9155f732467f223592bb0db,81.807396
30c96aecad62c0a78cad16d615ca8cdb,74.43732
1056a46f62ac15e7a7fab788366b63b6,72.973755
dfbfbd7bad8077e5c27e93d1f1136504,128.89479
b07e670cdc4d4946c96071ca340f5d5d,78.56396
7ae7421b4cf02ff2a0aa184e5c4b4a6d,103.091446
2aaafd97cd456421388642956a381c46,119.298004
d90346c5b9cefbb772576640203eb432,82.67731
e1095bfe3f1318ef6bac62ae2c713599,50.700397
757ef389f071a6c9a217c46ba8a3a44e,72.67699
5988cd03b80df42c4cc768db9a6eb03b,54.14338
71c22abfcdae4da7fa1e0da5eb826071,112.10727
f64fb062ddd39096025017c782b2ac8b,96.23292
3328286960f846a0c04d37b39043faa4,66.9408
c9cc94e7ccd2f03421f173847f605b45,48.038387
5b7a7e77630db080e35d2d6e4d04b373,47.423656
07f1ee7649eee709037f2fed7df54459,99.89407
096aacc55e2a0ea40909528dab369b63,97.81587
1214c3b09fa50032084d789d7b78e826,89.2679
6d75148b9099bfa3f2b5278110e5c6a0,62.78549
f0ea9611c17860da75e162518a3e1367,90.29713
d3de93a2137bd3f0f8ec2e2a21035175,81.506996
784ec4babdea6a6a4148cd1e1a327572,303.54584
a4288a7c97f435af970b1bba6205ae54,79.435745
e5568a459c3a83f37f323286ddde14d2,51.670128
a967b78cfee97cdc8cf70791b498874f,59.450516
7cf1e0c47dbe165ec31aecfd4ce1b2ba,76.70479
eb0c2ee531aae8208a3d47575e1ba4cf,90.13472
373d00a1da1f146bcdf96f727ce532b1,76.549805
a0145a1504b9aff0ec74144d41eed2ca,70.537544
34dba717d8b39ca994b584a52b4e5280,75.89988
d934f666933c17ff6d04952feb326eba,86.26249
038ebf3f7fb4fe8c88769468d6cf4778,259.1723
9ed18edc2247eb3342741a7f5fcda25e,68.94347
946becbc30791d67c13dbf77900d4780,59.465584
f717a0613eadeaff6b8987370cbecef7,73.8579
46cad1f8e7ae6aad951e58132052e683,75.88478
ec58b4c2d2f55a9dfc66a6a627eb2d9b,73.58735
c8127d476bd7c29c6da8d58723d4e7ab,126.450676
6924aec75d95c45a8bc5957b5fb48334,82.975914
bc4ed88821ac4f7c05729d3f129daec0,82.42151
57b54bfeefd7d9760b6bc52cf2614cc1,61.663937
f6a1e415ffbc71ac7fbf7056b1cbd44d,143.01724
90b18eae03344e221e5dc8267855b53f,77.875946
6fc4fc57bd5751ab31ebef62109c4710,91.95353
0e0780f92962a2d5147103e3df694753,117.6364
cee4786d046afaa40f1975681bf7504a,76.71955
fc76cc3308fb02e5470e44f9405966b1,72.94866
c03bfca3e0b805d7b32d0cab4c180c2a,63.600105
597a2dbceb434a0b1cc5049df65c251d,97.3261
b81ea54fd95f0a974efbe4ed6b1c5e40,70.326775
5128921b7b05814064a09d0e7aa2e0d8,82.20386
ec558fc6cd7db2ed622409de53e7c448,107.0985
ef23e80e7641250113165a7097636801,100.303566
10331d5f0fce606ee0fdf49fc56f4e8a,112.55612
2b8de0cae2d449f069eceb5f7459028a,86.3657
3d8cc5b44a07130eeacc02e139f5e1a6,53.17567
6ffd5a30d9492f42a94d7a61cf94e6f4,70.95094
f040ffc6ee971a4464c19bc601a47958,130.12349
caf52006404dce843c0fe205e4a51df8,80.33988
299f90d14e57407585845f7f3b9475e3,109.522224
ece5d431ede188377b448d445f293740,97.37217
f7ee6539ecf1a4800745d4309fe78899,50.866318
3da16b8e55ee8c21ff9b9c04953d9dfa,61.639984
e08febdc0cf48586a62dece8e7b7c498,78.70826
cfb1a87edf214043b2bef9de223ab2ba,112.63347
78ce7b5ddfddfa87cb8e10c5d3a816bf,100.90698
2ed4b645df9ab97ccf13c38264f31519,63.683388
58ca772f7b1107d0f4716c99552f175e,97.32653
fb1599abab426555c4db144def28ba09,139.83624
40040ebaa85f660f093a3b13f83b4d91,50.871284
f7e1dd58fe237bfca244fe32d5b98246,58.85536
e73bede4d1f05b53da1e28f2443db2b0,64.46027
24ab785c15075c2e34b42d4fc84c4325,70.65867
c1554894ba2e3946013f760685fc50b8,66.10281
565543baa4feb2c6bb5dfcaf8db65479,114.74418
362c4736c6190e63513ec8f350a8d915,73.91212
4970f65ae66324d3a8ddcaa809b7fe57,58.586903
760edebbbeee042edd9a8456c23c5497,77.792564
9bd60393bcf0aab9d75dc6d1af10e140,63.47465
f43a37b7074945152be3b7e86faa1c46,64.98754
d1b9d82c09bde3c2767294a23f423c69,78.531975
a9137b38926edb977680477c729d6f85,88.00608
e87850a4e98adf4515cbcdaa33247c77,97.07101
8e9ae96e124334bd9ef3f8831ce71dc1,69.98572
6c5b325e79e3de628be6bcdbbe363b72,85.56406
c281f4b0dd3c591189653adab9c4fb9a,96.42258
fa77da3cb82b5245e95eaa15e2b640f2,56.664814
aabf83b3f6e8e54b8e43c2402ecad7ca,60.767876
15bc6518db3a18c97abf81712a4baf66,104.445366
37c694d5b48a4797f9876539c94da2d1,87.31987
93d116eafb2ca5f7f563f50e9e859bb2,59.605453
bb4bdbc6fbfeddd0af7680a581d83a4b,57.378414
c8cb818dc7aa3c2947488811bb2758d5,97.60972
52969eed6d64e76d4f394df0e780a8aa,66.98614
a014cc2c5e3192984016a7e05b6aa4b0,106.32127
1bdc3b353ec1012d281486f13b8c2b3a,89.27541
eba24d50f63031b659a1ea9bf868fe5a,101.799965
c410b10260a7c5bf10d153a16801440e,45.767525
efb82bc1949661392bc34afadc78678f,123.35777
08bf8df1be73e71e63352b929d6e4257,89.35945
8c1ae4e4abe2574b53bf427d8545bf87,106.02955
4a4f9eec6c686215e5306fac8a78f0d6,65.57977
4f25a7898fc92bec852d7f71833da8ec,74.01562
76a1f174200224096c44e6582d9bc309,104.26523
096e86be65dd299dcc5791a57aaf4acc,92.159325
6cbabd6e0ed6bb1e12d25d59d5c8cd07,114.31982
288dd3cb1cec0f1f5b4c3d336df1f3d4,92.819626
1bfc0429832b9dab41d2a63eb8d9a076,65.270744
b8a1cc826cc9a7190a79e45d41a0a7e2,69.677444
f1d910271fe4182d87bdea049b7749c4,54.08832
